num,filename,date,lat,lon,height,Omega,Kappa,Phi1,Phi2
1,03_0001.JPG,2018-10-23T08:32:25,32.30462673,119.8968847,466.52,0.767763,-0.773493,-39.293446,-52.528771
2,03_0002.JPG,2018-10-23T08:32:32,32.30513666,119.8960711,466.51,0.81933,-0.286479,-39.041344,-52.379802
3,03_0003.JPG,2018-10-23T08:32:39,32.30566378,119.8952804,466.22,-0.183346,-1.019865,-40.021102,-52.81525
4,03_0004.JPG,2018-10-23T08:32:46,32.30618517,119.8944782,466.36,-0.389611,-0.664631,-40.112775,-53.302264
5,03_0005.JPG,2018-10-23T08:32:53,32.30671229,119.8936875,466.36,0.985487,-0.446907,-40.422172,-52.895464
6,03_0006.JPG,2018-10-23T08:33:01,32.30722795,119.8928739,466.1,1.753251,-0.595876,-40.301851,-53.164754
7,03_0007.JPG,2018-10-23T08:33:08,32.30774362,119.8920718,466.41,-0.80787,-2.320479,-39.299175,-51.199509
8,03_0008.JPG,2018-10-23T08:33:15,32.30827647,119.8912811,466.34,0.882355,-0.54431,-39.493981,-52.190726
9,03_0009.JPG,2018-10-23T08:33:22,32.30879213,119.890479,466.19,2.068378,-0.95684,-39.528358,-52.144889
10,03_0010.JPG,2018-10-23T08:33:29,32.30931925,119.8896768,466.44,0.097403,-0.034377,-39.814837,-52.299588
11,03_0011.JPG,2018-10-23T08:33:36,32.30983491,119.8888747,466.28,0.389611,-0.853707,-40.800325,-53.605931
12,03_0012.JPG,2018-10-23T08:33:44,32.31035057,119.8880726,466.23,0.515662,-1.707414,-39.895051,-52.419909
13,03_0013.JPG,2018-10-23T08:33:51,32.31088343,119.8872819,466.06,-0.693279,-1.403747,-40.45655,-52.929841
14,03_0014.JPG,2018-10-23T08:33:58,32.31138763,119.8864683,466.39,0.435448,-0.991217,-41.046696,-53.038703
15,03_0015.JPG,2018-10-23T08:34:05,32.31192048,119.8856661,466.29,-0.154699,-0.830789,-43.000483,-55.542529
16,03_0016.JPG,2018-10-23T08:34:13,32.3124476,119.8848755,466.38,0.727656,-0.905273,-40.284663,-52.448557
17,03_0017.JPG,2018-10-23T08:34:20,32.3129518,119.8840733,466.34,-0.561499,-0.292208,-41.144099,-52.855357
18,03_0018.JPG,2018-10-23T08:34:27,32.31348465,119.8832712,466.47,-0.378152,-1.100079,-42.370229,-53.966895
19,03_0019.JPG,2018-10-23T08:34:35,32.31400032,119.882469,466.02,0.94538,0.349504,-40.983671,-51.915706
20,03_0020.JPG,2018-10-23T08:34:42,32.31452171,119.8816669,466.17,-1.438124,-0.183346,-40.422172,-50.471852
21,03_0021.JPG,2018-10-23T08:34:49,32.3150431,119.8808533,466.32,0.578687,0.326586,-40.221637,-51.136483
22,03_0022.JPG,2018-10-23T08:34:57,32.31556449,119.8800626,466.59,0.635983,0.017189,-40.886268,-51.629227
23,03_0023.JPG,2018-10-23T08:35:04,32.31608588,119.8792719,466.26,2.045459,-0.515662,-41.694139,-52.792331
24,03_0024.JPG,2018-10-23T08:35:11,32.31660727,119.8784698,465.84,0.068755,-0.206265,-41.648302,-52.763683
25,03_0025.JPG,2018-10-23T08:35:19,32.31712294,119.8776562,466.25,2.498096,0,-39.597113,-50.838545
26,03_0026.JPG,2018-10-23T08:35:26,32.31765006,119.8768655,466.24,0.194806,-0.017189,-41.911863,-53.055892
27,03_0027.JPG,2018-10-23T08:35:34,32.31818864,119.8760748,466.36,0.126051,-0.802141,-40.124234,-51.955813
28,03_0028.JPG,2018-10-23T08:35:41,32.31868711,119.8752612,466.23,3.838817,-0.143239,-41.820189,-54.356506
29,03_0029.JPG,2018-10-23T08:35:49,32.31921423,119.8744591,466.13,-1.833465,-0.211994,-40.387795,-51.961542
30,03_0030.JPG,2018-10-23T08:35:56,32.31974708,119.8736684,466.05,-0.630254,-0.847978,-41.052426,-53.204861
31,03_0031.JPG,2018-10-23T08:36:03,32.32025701,119.8728663,466.04,2.268913,-0.744845,-40.571141,-52.666281
32,03_0032.JPG,2018-10-23T08:36:10,32.32077841,119.8720641,466.15,-0.120321,-1.037054,-40.874809,-52.746495
33,03_0033.JPG,2018-10-23T08:36:18,32.3212998,119.8712505,466.28,1.271966,-0.721927,-39.717434,-51.58912
34,03_0034.JPG,2018-10-23T08:36:25,32.32182692,119.8704713,465.99,-1.35791,0.017189,-41.258691,-53.743441
35,03_0035.JPG,2018-10-23T08:36:32,32.32233112,119.8696577,466.22,1.753251,-0.246372,-39.539817,-51.984461
36,03_0036.JPG,2018-10-23T08:36:39,32.3228697,119.868867,466.29,1.014135,-1.426665,-40.45655,-54.253374
37,03_0037.JPG,2018-10-23T08:36:47,32.32336818,119.868042,466.09,2.452259,-0.372423,-37.981372,-50.729683
38,03_0038.JPG,2018-10-23T08:36:54,32.32390676,119.8672627,466.03,0.446907,0.034377,-40.04402,-53.187672
39,03_0039.JPG,2018-10-23T08:37:01,32.32441669,119.8664606,466.18,-0.166158,-1.461042,-39.339282,-51.45161
40,03_0040.JPG,2018-10-23T08:37:09,32.32493808,119.8656585,466.21,-0.555769,-1.661578,-39.746082,-52.024568
41,03_0041.JPG,2018-10-23T08:37:16,32.32547666,119.8648563,466.3,-1.524068,-0.888085,-39.963806,-52.603255
42,03_0042.JPG,2018-10-23T08:37:23,32.32599805,119.8640656,466.12,-0.022918,-1.6272,-40.565412,-53.548636
43,03_0043.JPG,2018-10-23T08:37:31,32.32650225,119.863252,466.58,-0.504203,-0.326586,-39.992454,-52.906923
44,03_0044.JPG,2018-10-23T08:37:38,32.32702938,119.8624613,465.96,0.108862,-0.94538,-40.204448,-52.689199
45,03_0045.JPG,2018-10-23T08:37:45,32.32754504,119.8616477,466.41,1.506879,-1.587093,-39.133017,-50.981785
46,03_0046.JPG,2018-10-23T08:37:53,32.32807216,119.8608571,466.25,0.54431,-1.695955,-38.737677,-49.853058
47,03_0047.JPG,2018-10-23T08:38:00,32.32858782,119.8600549,466.27,0.487014,0.148969,-39.075722,-51.778196
48,03_0048.JPG,2018-10-23T08:38:08,32.32910921,119.8592413,465.96,0.487014,-0.080214,-38.101693,-50.007756
49,03_0049.JPG,2018-10-23T08:38:15,32.3296306,119.8584506,466.22,1.610011,-0.034377,-39.740353,-53.307993
50,03_0050.JPG,2018-10-23T08:38:23,32.33013481,119.857637,466.02,0.309397,-0.252101,-36.841186,-48.844652
51,03_0051.JPG,2018-10-23T08:38:30,32.33069058,119.8568693,466.16,-3.449206,-0.53858,-38.376713,-50.511959
52,03_0052.JPG,2018-10-23T08:38:37,32.33122343,119.8560786,466.32,-0.962569,-1.386558,-40.387795,-53.537176
53,03_0053.JPG,2018-10-23T08:38:44,32.3317219,119.8552535,466.3,1.243318,-1.747521,-39.310634,-52.5345
54,03_0054.JPG,2018-10-23T08:38:51,32.33225475,119.8544629,466.28,-0.011459,0.641713,-41.081074,-54.104405
55,03_0055.JPG,2018-10-23T08:38:59,32.33274749,119.8536493,466.03,2.360586,-0.784952,-37.282364,-49.136861
56,03_0056.JPG,2018-10-23T08:39:06,32.33328035,119.8528586,466.31,0.670361,0.114592,-41.046696,-53.456962
57,03_0057.JPG,2018-10-23T08:39:13,32.33380747,119.8520564,466,-0.103132,-0.189076,-40.353418,-53.095999
58,03_0058.JPG,2018-10-23T08:39:21,32.33432313,119.8512543,465.94,1.890761,-0.95684,-39.253339,-51.033351
59,03_0059.JPG,2018-10-23T08:39:28,32.33486744,119.8504751,465.82,0.045837,-0.893814,-42.668167,-55.427937
60,03_0060.JPG,2018-10-23T08:39:36,32.3353831,119.8496615,466.34,1.552716,-0.670361,-41.883215,-54.723199
61,03_0061.JPG,2018-10-23T08:39:43,32.3358873,119.8488479,466.26,1.776169,-0.469825,-41.281609,-55.129999
62,03_0062.JPG,2018-10-23T08:39:50,32.33639724,119.8480457,465.92,2.016811,-0.773493,-38.96686,-51.812573
63,03_0063.JPG,2018-10-23T08:39:57,32.33690144,119.8472207,466.03,2.784575,-0.332316,-38.113153,-50.844275
64,03_0064.JPG,2018-10-23T08:40:04,32.33743429,119.84643,466.4,0.54431,-1.438124,-39.608572,-52.333965
65,03_0065.JPG,2018-10-23T08:40:12,32.3379786,119.8456508,466.13,-0.664631,0.389611,-40.250285,-54.075757
66,03_0066.JPG,2018-10-23T08:40:19,32.33849426,119.8448486,466.08,1.501149,-0.630254,-41.493604,-54.178889
67,03_0067.JPG,2018-10-23T08:40:26,32.33899846,119.8440236,466.24,-0.423989,-0.469825,-38.731947,-50.798438
68,03_0068.JPG,2018-10-23T08:40:33,32.33952559,119.8432329,466.16,1.317803,-0.234913,-38.995508,-51.45734
69,03_0069.JPG,2018-10-23T08:40:40,32.34004698,119.8424422,465.89,0.011459,-1.575634,-38.852268,-51.531824
70,03_0070.JPG,2018-10-23T08:40:47,32.34057983,119.8416515,466.23,-1.174563,-0.996947,-39.711705,-52.545959
71,03_0071.JPG,2018-10-23T08:40:54,32.34109549,119.8408494,466.09,-0.716197,-1.289155,-39.832026,-52.345424
72,03_0072.JPG,2018-10-23T08:41:01,32.34163407,119.8400587,466.36,-1.63293,-1.048513,-39.900781,-53.199131
73,03_0073.JPG,2018-10-23T08:41:08,32.34213254,119.8392336,466.06,0.194806,-0.922462,-40.691463,-53.107458
74,03_0074.JPG,2018-10-23T08:41:15,32.34265966,119.838443,465.74,0.085944,-1.002676,-42.484821,-55.078433
75,03_0075.JPG,2018-10-23T08:41:22,32.3431696,119.8376408,466.38,1.907949,-0.773493,-41.579547,-54.218996
76,03_0076.JPG,2018-10-23T08:41:29,32.34370818,119.8368387,466.24,-1.673037,-1.959516,-42.08948,-53.565824
77,03_0077.JPG,2018-10-23T08:41:37,32.34418946,119.8360136,466.15,5.042029,-1.203211,-42.186882,-54.453909
78,03_0078.JPG,2018-10-23T08:41:44,32.3447395,119.8352459,466.16,-1.375099,0.063025,-38.600167,-47.681548
79,03_0079.JPG,2018-10-23T08:41:52,32.3452437,119.8344208,465.98,2.234535,-0.4068,-37.74646,-47.079942
80,03_0080.JPG,2018-10-23T08:41:59,32.34578801,119.8336416,465.99,-0.699009,-0.578687,-40.897727,-51.99019
81,03_0081.JPG,2018-10-23T08:42:06,32.34632086,119.8328509,466.34,-0.744845,-1.959516,-41.293068,-52.752224
82,03_0082.JPG,2018-10-23T08:42:13,32.34683653,119.8320487,466.15,0.246372,-0.578687,-41.694139,-53.49134
83,03_0083.JPG,2018-10-23T08:42:20,32.34736938,119.8312581,466.29,1.655848,-0.911003,-43.865649,-56.361858
84,03_0084.JPG,2018-10-23T08:42:28,32.34785066,119.8304215,466.24,2.813223,-0.991217,-40.032561,-50.838545
85,03_0085.JPG,2018-10-23T08:42:35,32.3484007,119.8296423,466.26,-1.197482,-1.317803,-42.851513,-54.236185
86,03_0086.JPG,2018-10-23T08:42:42,32.34891636,119.8288402,466.06,-0.441178,-0.595876,-40.307581,-50.277047
87,03_0087.JPG,2018-10-23T08:42:50,32.3494263,119.828038,466.44,1.08862,-1.501149,-43.676573,-55.267509
88,03_0088.JPG,2018-10-23T08:42:57,32.34994769,119.8272359,466.35,-0.475555,-0.962569,-41.447767,-52.694928
89,03_0089.JPG,2018-10-23T08:43:04,32.35046335,119.8264223,466.06,-0.240642,-1.592823,-40.702922,-51.612038
90,03_0090.JPG,2018-10-23T08:43:12,32.35097328,119.8256202,466.15,0.739116,-0.865166,-39.402308,-51.102106
91,03_0091.JPG,2018-10-23T08:43:19,32.35151186,119.824818,466.18,1.942327,-0.825059,-41.871756,-53.955436
92,03_0092.JPG,2018-10-23T08:43:26,32.35202752,119.8240273,466.22,0.80787,-0.68182,-38.943941,-49.933272
93,03_0093.JPG,2018-10-23T08:43:33,32.35254319,119.8232252,466.26,2.629876,-0.550039,-39.837755,-52.425638
94,03_0094.JPG,2018-10-23T08:43:41,32.35305312,119.8224001,466.32,2.337668,-1.518338,-40.072668,-52.345424
95,03_0095.JPG,2018-10-23T08:43:48,32.35358597,119.8216095,466.13,1.483961,-0.13178,-38.468386,-50.007756
96,03_0096.JPG,2018-10-23T08:43:55,32.35412455,119.8208302,466.07,0.550039,-0.498473,-39.396578,-51.846951
97,03_0097.JPG,2018-10-23T08:44:41,32.35250881,119.8190999,466.12,0.41253,0.011459,109.704229,122.973932
98,03_0098.JPG,2018-10-23T08:44:44,32.35202752,119.8199364,466.42,3.059595,-0.063025,115.519751,125.98769
99,03_0099.JPG,2018-10-23T08:44:48,32.35151186,119.8207386,466.21,1.483961,-1.186023,119.570562,129.075932
100,03_0100.JPG,2018-10-23T08:44:52,32.35099047,119.8215292,465.97,-0.040107,-1.747521,118.745503,128.382653
101,03_0101.JPG,2018-10-23T08:44:56,32.35048054,119.8223543,466.06,1.455313,-1.289155,120.55605,129.310845
102,03_0102.JPG,2018-10-23T08:45:00,32.34994196,119.8231335,466.05,-1.610011,-1.289155,122.750478,130.6
103,03_0103.JPG,2018-10-23T08:45:04,32.34939765,119.8239127,465.93,-0.475555,-0.578687,119.387216,127.695104
104,03_0104.JPG,2018-10-23T08:45:07,32.34887626,119.8247149,466.31,0.332316,-1.63293,119.885689,127.763859
105,03_0105.JPG,2018-10-23T08:45:11,32.34834341,119.8255056,466.16,-0.687549,-0.263561,118.441835,126.852856
106,03_0106.JPG,2018-10-23T08:45:15,32.34783347,119.8263077,465.9,1.478231,0.240642,118.957497,126.577836
107,03_0107.JPG,2018-10-23T08:45:19,32.34730635,119.8270984,466.1,-0.847978,-0.034377,118.390269,126.38303
108,03_0108.JPG,2018-10-23T08:45:23,32.34680215,119.8279235,466,-0.635983,-0.441178,117.439159,125.042309
109,03_0109.JPG,2018-10-23T08:45:26,32.34628649,119.8287256,466.28,0.504203,-0.343775,122.246275,128.1592
110,03_0110.JPG,2018-10-23T08:45:30,32.34578801,119.8295507,466.14,-0.504203,-0.355234,122.744748,128.760805
111,03_0111.JPG,2018-10-23T08:45:34,32.34528381,119.8303528,465.95,1.736062,-0.996947,127.672185,131.728727
112,03_0112.JPG,2018-10-23T08:45:38,32.34470512,119.8311091,466.06,-4.457612,-0.481285,123.564078,129.740563
113,03_0113.JPG,2018-10-23T08:45:41,32.34419519,119.8319227,465.89,0.773493,-0.40107,119.690883,126.503352
114,03_0114.JPG,2018-10-23T08:45:45,32.34368526,119.8327363,466.4,1.959516,-0.171887,124.314653,128.989988
115,03_0115.JPG,2018-10-23T08:45:49,32.34312376,119.8334926,466.38,-3.168457,-0.200535,121.598833,127.637808
116,03_0116.JPG,2018-10-23T08:45:53,32.34261956,119.8343177,466.2,0.933921,-0.028648,120.911284,126.491892
117,03_0117.JPG,2018-10-23T08:45:57,32.34211535,119.8351198,466.12,0.40107,0.315127,120.41281,126.193954
118,03_0118.JPG,2018-10-23T08:46:00,32.34159969,119.8359334,466.25,-1.025594,-0.888085,124.245898,129.047284
119,03_0119.JPG,2018-10-23T08:46:04,32.34107257,119.8367355,466.08,0.859437,-0.349504,124.056822,128.709239
120,03_0120.JPG,2018-10-23T08:46:08,32.34055118,119.8375262,465.95,-0.916732,-1.49542,122.400974,127.7524
121,03_0121.JPG,2018-10-23T08:46:12,32.34004698,119.8383513,465.99,0.853707,-1.197482,124.297464,128.726428
122,03_0122.JPG,2018-10-23T08:46:15,32.33947975,119.8390961,466.19,-1.919409,-1.059972,124.240168,128.583188
123,03_0123.JPG,2018-10-23T08:46:19,32.33895836,119.8398983,465.76,-1.501149,-0.509932,119.364297,124.933447
124,03_0124.JPG,2018-10-23T08:46:23,32.33846561,119.8407233,466.09,1.673037,0.389611,120.086224,125.695481
125,03_0125.JPG,2018-10-23T08:46:27,32.33794995,119.8415484,466.12,1.564175,-0.492744,122.647346,127.311222
126,03_0126.JPG,2018-10-23T08:46:30,32.3374171,119.8423162,466.18,-1.380828,-1.105809,122.280653,127.7524
127,03_0127.JPG,2018-10-23T08:46:34,32.33689571,119.8431298,466.18,-0.996947,-1.2204,119.719531,125.918935
128,03_0128.JPG,2018-10-23T08:46:38,32.33638005,119.8439319,466.13,1.885031,-1.707414,121.570185,126.617943
129,03_0129.JPG,2018-10-23T08:46:42,32.33584147,119.8447111,466.55,-3.059595,-0.492744,122.125954,127.082039
130,03_0130.JPG,2018-10-23T08:46:46,32.33533726,119.8455362,466.22,1.793358,0.504203,119.06063,124.818856
131,03_0131.JPG,2018-10-23T08:46:50,32.33483306,119.8463498,466.48,1.930868,0.120321,123.014039,127.420084
132,03_0132.JPG,2018-10-23T08:46:53,32.33430021,119.847129,466.14,0.211994,0,124.114118,128.050338
133,03_0133.JPG,2018-10-23T08:46:57,32.33376736,119.8479197,466.16,-0.670361,-0.045837,122.04001,126.755453
134,03_0134.JPG,2018-10-23T08:47:01,32.33326316,119.8487447,466.09,1.100079,0.143239,122.234816,126.589295
135,03_0135.JPG,2018-10-23T08:47:05,32.33273031,119.849524,466.2,-0.154699,-0.95684,121.793639,126.543459
136,03_0136.JPG,2018-10-23T08:47:09,32.33220891,119.8503261,466.22,0.67609,-0.355234,120.378433,125.609537
137,03_0137.JPG,2018-10-23T08:47:12,32.33169898,119.8511512,466.09,1.025594,-0.068755,121.09463,126.153847
138,03_0138.JPG,2018-10-23T08:47:16,32.33118332,119.8519533,466.03,1.08862,0.017189,123.770343,127.654997
139,03_0139.JPG,2018-10-23T08:47:20,32.33067339,119.8527554,466.07,0.733386,-0.120321,124.698535,128.812372
140,03_0140.JPG,2018-10-23T08:47:24,32.33013481,119.8535347,466.11,1.002676,-1.455313,123.208844,127.935746
141,03_0141.JPG,2018-10-23T08:47:27,32.32962487,119.8543597,465.97,0.710468,-1.180293,122.779126,127.620619
142,03_0142.JPG,2018-10-23T08:47:31,32.32910921,119.8551504,466.12,0.899544,-1.753251,124.698535,128.82956
143,03_0143.JPG,2018-10-23T08:47:35,32.32857636,119.8559525,466.46,-1.420935,-1.506879,124.578213,129.482732
144,03_0144.JPG,2018-10-23T08:47:39,32.32804924,119.8567432,466.1,-0.561499,-1.650118,125.007932,129.431166
145,03_0145.JPG,2018-10-23T08:47:42,32.32753358,119.8575568,465.94,0.429718,-2.074107,124.165684,128.818101
146,03_0146.JPG,2018-10-23T08:47:46,32.32701219,119.8583475,465.9,1.35791,-0.521392,124.010985,128.909774
147,03_0147.JPG,2018-10-23T08:47:50,32.32647934,119.8591382,466.23,0.00573,-0.326586,123.26041,128.044608
148,03_0148.JPG,2018-10-23T08:47:54,32.32594649,119.8599289,466.11,-2.30329,-1.369369,122.72756,127.918557
149,03_0149.JPG,2018-10-23T08:47:58,32.32541364,119.8607196,465.94,-1.128727,-1.398017,121.455593,126.807019
150,03_0150.JPG,2018-10-23T08:48:01,32.3249037,119.8615332,465.95,0.40107,-1.713144,119.713802,125.747047
151,03_0151.JPG,2018-10-23T08:48:05,32.32438231,119.8623353,465.86,0.590147,-0.8136,120.905554,126.400219
152,03_0152.JPG,2018-10-23T08:48:09,32.32386665,119.8631374,465.95,-1.002676,-1.701685,119.988821,125.804343
153,03_0153.JPG,2018-10-23T08:48:13,32.32336818,119.863951,466.02,2.114214,-0.53858,120.928472,126.067904
154,03_0154.JPG,2018-10-23T08:48:17,32.32284105,119.8647532,466.26,0.26929,-1.094349,121.799368,127.196631
155,03_0155.JPG,2018-10-23T08:48:20,32.32231393,119.8655439,466.22,-0.876625,-1.145916,121.787909,127.133605
156,03_0156.JPG,2018-10-23T08:48:24,32.32179827,119.866346,466.21,-0.366693,-1.002676,120.533131,126.537729
157,03_0157.JPG,2018-10-23T08:48:28,32.32128261,119.8671596,466.34,-0.4068,-1.970975,122.200439,127.61489
158,03_0158.JPG,2018-10-23T08:48:32,32.32075549,119.8679503,466.14,-1.604282,-0.635983,121.604562,127.47738
159,03_0159.JPG,2018-10-23T08:48:36,32.3202341,119.8687524,465.99,0.991217,-0.263561,121.547267,127.718022
160,03_0160.JPG,2018-10-23T08:48:39,32.31970698,119.8695431,466.3,0.658901,-0.658901,120.716478,127.173712
161,03_0161.JPG,2018-10-23T08:48:43,32.31918558,119.8703338,466.13,-0.360963,-0.687549,120.670641,126.812749
162,03_0162.JPG,2018-10-23T08:48:47,32.31865846,119.8711474,465.97,-0.320856,-0.779223,119.891419,125.964771
163,03_0163.JPG,2018-10-23T08:48:51,32.3181428,119.8719495,465.98,0.670361,-1.329262,120.263841,126.291357
164,03_0164.JPG,2018-10-23T08:48:54,32.31762714,119.8727517,466.21,0.080214,-1.822006,121.043064,126.864315
165,03_0165.JPG,2018-10-23T08:48:58,32.31711148,119.8735538,466.26,-0.475555,-0.796411,121.879582,127.586242
166,03_0166.JPG,2018-10-23T08:49:02,32.31658436,119.874356,466.12,0.756304,0.784952,122.18325,127.528946
167,03_0167.JPG,2018-10-23T08:49:06,32.31606296,119.8751466,466.24,-0.074485,0.389611,121.237869,126.709616
168,03_0168.JPG,2018-10-23T08:49:09,32.31555876,119.8759717,466.04,0.624524,-1.472502,121.787909,127.019014
169,03_0169.JPG,2018-10-23T08:49:13,32.31503164,119.8767624,466.01,0.395341,-1.6272,123.174467,128.474326
170,03_0170.JPG,2018-10-23T08:49:17,32.31451025,119.8775645,466.01,0.899544,-1.856383,122.206168,127.861262
171,03_0171.JPG,2018-10-23T08:49:21,32.31399459,119.8783667,465.93,0.664631,-0.332316,122.269193,127.832614
172,03_0172.JPG,2018-10-23T08:49:25,32.31346746,119.8791688,466.07,-0.853707,-1.025594,123.483864,128.55454
173,03_0173.JPG,2018-10-23T08:49:28,32.31294034,119.8799595,466.24,0.154699,-0.8136,124.509458,129.196253
174,03_0174.JPG,2018-10-23T08:49:32,32.31241322,119.8807502,466.19,0.338045,-1.008406,122.595779,127.930016
175,03_0175.JPG,2018-10-23T08:49:36,32.31190329,119.8815638,466.3,1.174563,-1.289155,122.337948,127.775318
176,03_0176.JPG,2018-10-23T08:49:40,32.31137044,119.8823544,466.2,-0.177617,-0.658901,123.976608,129.007177
177,03_0177.JPG,2018-10-23T08:49:44,32.31084905,119.8831566,465.99,-2.263183,-0.429718,121.679047,127.33987
178,03_0178.JPG,2018-10-23T08:49:47,32.31033339,119.8839587,466.03,2.16578,0.441178,121.186303,127.190901
179,03_0179.JPG,2018-10-23T08:49:51,32.30980626,119.8847494,466.34,-1.008406,0.458366,122.131684,127.815425
180,03_0180.JPG,2018-10-23T08:49:55,32.3092906,119.8855515,466.36,0.441178,-0.017189,122.441081,128.02169
181,03_0181.JPG,2018-10-23T08:49:59,32.30876348,119.8863537,466.14,1.546986,-1.140186,120.81961,126.807019
182,03_0182.JPG,2018-10-23T08:50:03,32.30824209,119.8871558,466.04,-1.564175,-0.68182,121.346731,127.397166
183,03_0183.JPG,2018-10-23T08:50:06,32.3077207,119.8879465,465.95,-0.618794,-0.509932,121.157655,126.617943
184,03_0184.JPG,2018-10-23T08:50:10,32.30720504,119.8887487,466,0.595876,0.160428,121.323813,126.623673
185,03_0185.JPG,2018-10-23T08:50:14,32.30668364,119.8895623,465.83,-0.498473,0.509932,122.389515,127.460191
186,03_0186.JPG,2018-10-23T08:50:18,32.30616225,119.8903644,465.97,-2.160051,0.022918,121.839475,127.33414
187,03_0187.JPG,2018-10-23T08:50:22,32.30564659,119.8911665,466.16,-0.481285,0.550039,122.807774,127.546135
188,03_0188.JPG,2018-10-23T08:50:25,32.30513093,119.8919687,465.93,1.403747,0.091673,122.103036,127.271115
189,03_0189.JPG,2018-10-23T08:50:29,32.30460381,119.8927708,466.16,-0.309397,-0.578687,123.13436,127.689374
190,03_0190.JPG,2018-10-23T08:50:33,32.30407669,119.8935615,466.45,-0.206265,1.266237,123.054146,128.577459
191,03_0191.JPG,2018-10-23T08:50:37,32.30356675,119.8943636,466.5,1.610011,0.240642,123.39792,127.574783
192,03_0192.JPG,2018-10-23T08:50:41,32.30303963,119.8951543,466.29,0.475555,0.95111,123.988067,127.855532
193,03_0193.JPG,2018-10-23T08:51:25,32.30121763,119.8937678,465.89,-0.836518,-0.355234,-37.379767,-50.065052
194,03_0194.JPG,2018-10-23T08:51:32,32.30174475,119.8929771,466.08,0.338045,0.13751,-38.720488,-51.904247
195,03_0195.JPG,2018-10-23T08:51:39,32.30226614,119.8921635,466.01,0.217724,0.94538,-38.926753,-51.348478
196,03_0196.JPG,2018-10-23T08:51:47,32.3027818,119.8913728,466.15,-0.836518,0.338045,-38.783513,-50.620821
197,03_0197.JPG,2018-10-23T08:51:54,32.30331465,119.8905821,466.25,0.53858,0.120321,-40.473739,-51.812573
198,03_0198.JPG,2018-10-23T08:52:02,32.30383604,119.88978,465.92,0.893814,-0.670361,-41.189936,-52.792331
199,03_0199.JPG,2018-10-23T08:52:09,32.30436317,119.8889893,466.08,0.372423,-1.667307,-40.227367,-52.13343
200,03_0200.JPG,2018-10-23T08:52:16,32.30487883,119.8881757,466.21,-0.475555,-0.189076,-40.651356,-53.313723
201,03_0201.JPG,2018-10-23T08:52:23,32.30540022,119.8873736,465.95,-0.206265,-0.641713,-40.777406,-52.591796
202,03_0202.JPG,2018-10-23T08:52:31,32.30591588,119.8865829,466.09,-1.844924,0.630254,-40.45082,-51.45734
203,03_0203.JPG,2018-10-23T08:52:38,32.306443,119.8857807,466.09,0.796411,0.085944,-41.298798,-52.419909
204,03_0204.JPG,2018-10-23T08:52:46,32.30695866,119.8849671,466.3,1.466772,0.859437,-43.464578,-55.038326
205,03_0205.JPG,2018-10-23T08:52:53,32.30747433,119.8841764,466.09,1.048513,0.572958,-40.416443,-52.030297
206,03_0206.JPG,2018-10-23T08:53:01,32.30798999,119.8833743,465.89,1.409476,0.590147,-41.980618,-52.500123
207,03_0207.JPG,2018-10-23T08:53:08,32.30851711,119.8825607,466.34,0.429718,0.590147,-40.387795,-51.783926
208,03_0208.JPG,2018-10-23T08:53:15,32.30903277,119.8817586,466.09,2.635606,0.103132,-40.439361,-52.219373
209,03_0209.JPG,2018-10-23T08:53:22,32.30957135,119.8809793,466.06,-1.22613,0.905273,-41.103992,-51.697982
210,03_0210.JPG,2018-10-23T08:53:30,32.31008701,119.8801772,466.16,-0.166158,-0.154699,-40.462279,-52.150619
211,03_0211.JPG,2018-10-23T08:53:37,32.31061414,119.8793636,466.35,-0.647442,-1.186023,-41.883215,-52.385531
212,03_0212.JPG,2018-10-23T08:53:45,32.31111834,119.8785615,466.28,-1.300614,-0.968299,-41.115451,-52.007379
213,03_0213.JPG,2018-10-23T08:53:52,32.31166265,119.8777822,466.13,-1.031324,-1.982434,-41.298798,-52.070404
214,03_0214.JPG,2018-10-23T08:54:00,32.31217258,119.8769686,466.16,-1.059972,-1.948057,-41.67122,-53.594472
215,03_0215.JPG,2018-10-23T08:54:07,32.31269397,119.8761665,466.12,-0.68182,-1.054242,-43.407283,-55.049785
216,03_0216.JPG,2018-10-23T08:54:15,32.31322682,119.8753758,465.88,-0.699009,-0.028648,-41.762894,-53.49134
217,03_0217.JPG,2018-10-23T08:54:22,32.31374248,119.8745737,466.2,-1.552716,-0.458366,-40.364877,-52.551689
218,03_0218.JPG,2018-10-23T08:54:30,32.31425242,119.8737715,466.19,1.128727,0.979758,-40.880539,-53.262157
219,03_0219.JPG,2018-10-23T08:54:37,32.31477381,119.8729579,466.22,-0.911003,0,-40.59406,-53.657498
220,03_0220.JPG,2018-10-23T08:54:45,32.31527801,119.8721558,466.38,-0.074485,-0.607335,-37.419874,-50.534878
221,03_0221.JPG,2018-10-23T08:54:53,32.31581659,119.8713651,466.54,-1.289155,-2.457989,-38.296499,-51.113565
222,03_0222.JPG,2018-10-23T08:55:00,32.31633798,119.8705744,465.87,-1.592823,-2.394964,-37.843862,-50.437475
223,03_0223.JPG,2018-10-23T08:55:08,32.31685365,119.8697494,466.16,0.81933,-1.392287,-39.161665,-52.024568
224,03_0224.JPG,2018-10-23T08:55:15,32.3173865,119.8689701,466.01,-0.41253,-0.028648,-38.886646,-52.104782
225,03_0225.JPG,2018-10-23T08:55:22,32.31789643,119.868168,465.92,0.893814,0.687549,-39.545547,-52.912652
226,03_0226.JPG,2018-10-23T08:55:30,32.31840636,119.8673429,466.31,0.418259,1.844924,-38.411091,-51.296911
227,03_0227.JPG,2018-10-23T08:55:37,32.31893348,119.8665523,466.08,-0.309397,1.718873,-38.5486,-51.021892
228,03_0228.JPG,2018-10-23T08:55:45,32.31947779,119.865773,466.38,-1.334992,-0.54431,-41.167018,-54.178889
229,03_0229.JPG,2018-10-23T08:55:53,32.31999345,119.8649709,465.94,-1.35218,-0.773493,-40.983671,-55.101351
230,03_0230.JPG,2018-10-23T08:56:01,32.32050912,119.8641688,466.25,1.552716,-1.478231,-40.267474,-53.49134
231,03_0231.JPG,2018-10-23T08:56:08,32.32102478,119.8633552,465.92,-0.303668,-0.286479,-39.832026,-53.62312
232,03_0232.JPG,2018-10-23T08:56:16,32.32155763,119.8625645,465.92,-1.300614,-0.349504,-39.557006,-52.780872
233,03_0233.JPG,2018-10-23T08:56:23,32.32207329,119.8617623,466.13,-0.297938,-2.320479,-39.769001,-53.995543
234,03_0234.JPG,2018-10-23T08:56:31,32.32258322,119.8609487,466.1,-0.13178,-0.985487,-38.588708,-51.612038
235,03_0235.JPG,2018-10-23T08:56:38,32.32311034,119.8601581,466.2,-2.624147,0.446907,-39.728894,-53.846574
236,03_0236.JPG,2018-10-23T08:56:46,32.32362028,119.8593445,465.78,-0.211994,0.704738,-38.840809,-52.322506
237,03_0237.JPG,2018-10-23T08:56:53,32.32415313,119.8585538,466.06,1.019865,0.126051,-38.852268,-52.614714
238,03_0238.JPG,2018-10-23T08:57:01,32.32466879,119.8577402,466.64,1.873572,-1.289155,-37.901158,-52.001649
239,03_0239.JPG,2018-10-23T08:57:09,32.32519591,119.8569495,466.2,-0.727656,-1.237589,-36.875564,-51.073458
240,03_0240.JPG,2018-10-23T08:57:17,32.3257173,119.8561588,466.12,-0.011459,-0.498473,-39.018426,-54.150241
241,03_0241.JPG,2018-10-23T08:57:25,32.32623869,119.8553567,465.93,-0.068755,-1.094349,-36.669299,-50.523418
242,03_0242.JPG,2018-10-23T08:57:32,32.32676009,119.854566,466.12,-0.962569,-1.157375,-39.36793,-52.225103
243,03_0243.JPG,2018-10-23T08:57:40,32.32727575,119.8537524,465.93,-0.148969,-0.802141,-38.577248,-51.606309
244,03_0244.JPG,2018-10-23T08:57:47,32.3278086,119.8529617,465.9,-0.561499,-1.478231,-39.069992,-52.030297
245,03_0245.JPG,2018-10-23T08:57:55,32.32831853,119.8521596,466.29,0.326586,-0.286479,-39.442415,-53.35383
246,03_0246.JPG,2018-10-23T08:58:03,32.32883992,119.851346,466.13,0.452637,-0.217724,-40.107046,-52.54023
247,03_0247.JPG,2018-10-23T08:58:10,32.32936131,119.8505553,466.07,0.343775,-0.4068,-41.029508,-55.055515
248,03_0248.JPG,2018-10-23T08:58:18,32.32988844,119.8497531,466.46,-0.8136,-0.962569,-39.430955,-52.889734
249,03_0249.JPG,2018-10-23T08:58:25,32.33039264,119.8489281,466.08,1.237589,-1.180293,-39.408037,-52.769413
250,03_0250.JPG,2018-10-23T08:58:33,32.33091976,119.8481374,466.48,-0.057296,-1.678766,-37.511547,-50.695306
251,03_0251.JPG,2018-10-23T08:58:41,32.33144688,119.8473467,465.98,2.486637,-0.893814,-39.09291,-52.568878
252,03_0252.JPG,2018-10-23T08:58:48,32.33197973,119.846556,466.19,-0.876625,-1.63293,-39.814837,-53.090269
253,03_0253.JPG,2018-10-23T08:58:56,32.33248966,119.8457539,466.33,-0.487014,-2.205888,-39.064262,-53.342371
254,03_0254.JPG,2018-10-23T08:59:04,32.33301678,119.8449632,465.86,2.228806,-0.41253,-40.238826,-54.282022
255,03_0255.JPG,2018-10-23T08:59:11,32.33352099,119.8441382,466.08,0.888085,0.200535,-37.998561,-50.540607
256,03_0256.JPG,2018-10-23T08:59:19,32.33403665,119.843336,465.89,1.466772,-0.045837,-38.857998,-52.225103
257,03_0257.JPG,2018-10-23T08:59:26,32.33458669,119.8425568,466.19,-0.206265,-0.057296,-39.700246,-53.199131
258,03_0258.JPG,2018-10-23T08:59:33,32.33510235,119.8417432,466.14,-1.312073,1.461042,-37.534465,-50.741142
259,03_0259.JPG,2018-10-23T08:59:41,32.3355951,119.8409296,466,2.761657,0.286479,-39.413767,-52.700658
260,03_0260.JPG,2018-10-23T08:59:48,32.33615086,119.8401618,466.26,-2.223076,0.126051,-38.451198,-50.993244
261,03_0261.JPG,2018-10-23T08:59:56,32.33667799,119.8393597,466.19,-1.718873,0.481285,-40.582601,-54.138782
262,03_0262.JPG,2018-10-23T09:00:03,32.337165,119.8385346,465.94,0.830789,-0.045837,-40.101316,-52.225103
263,03_0263.JPG,2018-10-23T09:00:11,32.33770358,119.8377439,465.81,-1.2204,0.068755,-39.723164,-52.144889
264,03_0264.JPG,2018-10-23T09:00:19,32.33821351,119.8369418,466.36,0.360963,-1.552716,-38.697569,-51.508906
265,03_0265.JPG,2018-10-23T09:00:27,32.33875209,119.8361626,466.42,1.478231,-0.26929,-41.356094,-54.098675
266,03_0266.JPG,2018-10-23T09:00:34,32.33925057,119.8353261,466.21,-0.27502,-1.254778,-39.717434,-51.686523
267,03_0267.JPG,2018-10-23T09:00:42,32.33977769,119.8345354,466.46,-0.034377,-1.953786,-39.379389,-50.723954
268,03_0268.JPG,2018-10-23T09:00:49,32.34031627,119.8337562,466.07,-1.690225,-0.618794,-40.341958,-51.549013
269,03_0269.JPG,2018-10-23T09:00:56,32.34082047,119.8329426,466.03,0.81933,0.80787,-41.94624,-53.926788
270,03_0270.JPG,2018-10-23T09:01:03,32.34135332,119.8321404,466.01,-0.67609,0.756304,-42.060832,-54.476827
271,03_0271.JPG,2018-10-23T09:01:11,32.34187471,119.8313497,466.3,-1.111538,-0.578687,-40.616978,-52.752224
272,03_0272.JPG,2018-10-23T09:01:19,32.34239037,119.8305361,466.37,-0.154699,-1.002676,-39.975265,-52.013109
273,03_0273.JPG,2018-10-23T09:01:27,32.3429175,119.8297455,466.08,-0.555769,0.120321,-40.702922,-53.668957
274,03_0274.JPG,2018-10-23T09:01:34,32.34345608,119.8289662,466.29,-1.455313,-1.415206,-40.59406,-52.225103
275,03_0275.JPG,2018-10-23T09:01:42,32.34395455,119.8281412,466.31,2.217347,0.068755,-41.26442,-53.594472
276,03_0276.JPG,2018-10-23T09:01:50,32.34447594,119.827339,466.3,0.899544,0.641713,-42.335851,-54.430991
277,03_0277.JPG,2018-10-23T09:01:57,32.34498587,119.8265254,465.85,0.567228,0.481285,-41.121181,-52.236562
278,03_0278.JPG,2018-10-23T09:02:05,32.34551872,119.8257348,465.97,-0.395341,-0.567228,-40.548223,-51.829762
279,03_0279.JPG,2018-10-23T09:02:12,32.34602866,119.8249326,466.12,-0.211994,-0.234913,-40.084127,-51.7209
280,03_0280.JPG,2018-10-23T09:02:20,32.34650994,119.8240961,466.36,4.136755,-1.197482,-39.345012,-51.829762
281,03_0281.JPG,2018-10-23T09:02:28,32.34707717,119.8233283,466.17,-0.825059,-0.870896,-40.846161,-53.181943
282,03_0282.JPG,2018-10-23T09:02:35,32.34761002,119.8225377,466.08,-2.669983,-0.452637,-39.568465,-51.18232
283,03_0283.JPG,2018-10-23T09:02:43,32.34811995,119.8217355,466.1,-0.217724,-0.968299,-40.021102,-51.749548
284,03_0284.JPG,2018-10-23T09:02:50,32.34863561,119.8209334,466.07,-0.045837,-0.464096,-40.582601,-52.454286
285,03_0285.JPG,2018-10-23T09:02:57,32.34917419,119.8201541,466.03,-0.521392,-0.309397,-40.86335,-53.399667
286,03_0286.JPG,2018-10-23T09:03:05,32.34968413,119.8193291,466.19,-2.652795,-0.487014,-38.794972,-50.374449
287,03_0287.JPG,2018-10-23T09:03:12,32.35019406,119.8185269,466.27,0.613065,-0.750575,-39.493981,-51.646416
288,03_0288.JPG,2018-10-23T09:03:20,32.35073264,119.8177363,466.17,-2.457989,-0.509932,-39.889322,-51.984461
289,03_0289.JPG,2018-10-23T09:04:06,32.34912263,119.8160174,466.07,-0.280749,0.00573,113.989953,125.873098
290,03_0290.JPG,2018-10-23T09:04:10,32.3486127,119.8168195,465.94,2.200158,-0.234913,115.588506,126.067904
291,03_0291.JPG,2018-10-23T09:04:13,32.34808557,119.8176102,466.2,0.252101,-0.825059,117.593858,127.540405
292,03_0292.JPG,2018-10-23T09:04:17,32.34756418,119.8184124,466.12,0.252101,-1.174563,117.169869,126.984636
293,03_0293.JPG,2018-10-23T09:04:21,32.34704279,119.819203,466.02,-0.4068,-1.214671,117.69699,126.892963
294,03_0294.JPG,2018-10-23T09:04:25,32.3465214,119.8200166,466.28,1.283425,-0.114592,118.562157,127.104957
295,03_0295.JPG,2018-10-23T09:04:29,32.34600001,119.8208188,465.81,1.478231,0.699009,118.052224,126.807019
296,03_0296.JPG,2018-10-23T09:04:32,32.34548435,119.8216209,465.96,1.420935,-0.263561,118.831447,126.812749
297,03_0297.JPG,2018-10-23T09:04:36,32.3449515,119.8224231,466.26,-0.933921,-0.81933,119.398675,127.231008
298,03_0298.JPG,2018-10-23T09:04:40,32.34444729,119.8232252,466.13,1.191752,-0.802141,119.415864,126.320005
299,03_0299.JPG,2018-10-23T09:04:44,32.34393163,119.8240273,466.05,0.67609,-0.40107,120.997227,127.454462
300,03_0300.JPG,2018-10-23T09:04:48,32.34343316,119.8248524,466.36,0.349504,-0.246372,123.002579,129.041555
301,03_0301.JPG,2018-10-23T09:04:52,32.34288312,119.8256316,466.34,-2.234535,0.017189,125.918935,130.319251
302,03_0302.JPG,2018-10-23T09:04:56,32.34235027,119.8264223,466.16,-0.343775,0,121.146196,127.127876
303,03_0303.JPG,2018-10-23T09:04:59,32.34182315,119.827213,466.38,0.395341,0.389611,121.392568,127.110687
304,03_0304.JPG,2018-10-23T09:05:03,32.34130748,119.8280151,466.22,-0.429718,0.762034,122.137413,127.322681
305,03_0305.JPG,2018-10-23T09:05:07,32.34080328,119.8288287,466.14,1.208941,0.613065,121.707695,127.06485
306,03_0306.JPG,2018-10-23T09:05:11,32.34029335,119.8296423,465.83,0.166158,0.022918,122.951013,128.462867
307,03_0307.JPG,2018-10-23T09:05:15,32.33974331,119.8304215,466.26,-1.999623,-0.246372,124.394867,129.671808
308,03_0308.JPG,2018-10-23T09:05:19,32.33921619,119.8312122,465.94,-0.664631,-0.194806,121.541537,126.812749
309,03_0309.JPG,2018-10-23T09:05:22,32.33870626,119.8320258,466.27,2.377775,-0.011459,122.675994,127.259656
310,03_0310.JPG,2018-10-23T09:05:26,32.33817913,119.8328165,466.3,-2.074107,-1.529797,121.341002,127.179442
311,03_0311.JPG,2018-10-23T09:05:30,32.33764628,119.8336072,466.13,-1.879302,-0.555769,121.243599,126.870045
312,03_0312.JPG,2018-10-23T09:05:33,32.33714781,119.8344208,465.96,1.443854,0.653172,120.046117,125.838721
313,03_0313.JPG,2018-10-23T09:05:37,32.33662642,119.8352344,466.22,0.189076,0.853707,122.555672,127.574783
314,03_0314.JPG,2018-10-23T09:05:41,32.33611076,119.8360365,465.96,0.618794,1.237589,122.017092,127.087769
315,03_0315.JPG,2018-10-23T09:05:45,32.3355951,119.8368387,466.14,-1.919409,0.091673,123.558349,128.004501
316,03_0316.JPG,2018-10-23T09:05:48,32.33507943,119.8376408,466.23,-0.229183,0.154699,123.558349,128.205036
317,03_0317.JPG,2018-10-23T09:05:52,32.33454085,119.8384315,466.27,-2.372045,-0.063025,125.294411,129.075932
318,03_0318.JPG,2018-10-23T09:05:56,32.33401373,119.8392222,466.12,-0.194806,0.143239,124.228709,127.677915
319,03_0319.JPG,2018-10-23T09:06:00,32.33349807,119.8400243,466.18,1.283425,-0.292208,121.954067,126.78983
320,03_0320.JPG,2018-10-23T09:06:04,32.33298814,119.8408494,466.2,2.778845,-0.309397,122.653075,127.397166
321,03_0321.JPG,2018-10-23T09:06:07,32.33246675,119.8416401,466.24,0.252101,0.120321,124.480811,128.480056
322,03_0322.JPG,2018-10-23T09:06:11,32.33192817,119.8424307,466.42,-0.492744,0.418259,124.005256,128.078986
323,03_0323.JPG,2018-10-23T09:06:15,32.33140104,119.8432214,466.39,-0.326586,-0.074485,122.263464,126.703887
324,03_0324.JPG,2018-10-23T09:06:19,32.33088538,119.8440236,466.15,0.286479,0.011459,122.973932,126.996095
325,03_0325.JPG,2018-10-23T09:06:22,32.33035253,119.8448257,466.32,-0.905273,-0.509932,122.171791,126.451785
326,03_0326.JPG,2018-10-23T09:06:26,32.3298426,119.8456278,466.18,-1.031324,-0.555769,121.260788,125.884557
327,03_0327.JPG,2018-10-23T09:06:30,32.3293384,119.8464414,466.22,0.739116,-0.905273,121.627481,126.314276
328,03_0328.JPG,2018-10-23T09:06:34,32.328817,119.8472436,466.24,1.478231,-1.449583,122.910906,127.895639
329,03_0329.JPG,2018-10-23T09:06:38,32.32830707,119.8480457,466.01,0.372423,-2.051189,122.360867,127.591971
330,03_0330.JPG,2018-10-23T09:06:42,32.32776849,119.8488364,466.09,-1.512609,-1.455313,122.630157,127.907098
331,03_0331.JPG,2018-10-23T09:06:46,32.3272471,119.8496386,465.93,0,-0.418259,121.63321,127.265385
332,03_0332.JPG,2018-10-23T09:06:49,32.3267429,119.8504522,465.96,0.395341,-0.601606,122.148872,127.328411
333,03_0333.JPG,2018-10-23T09:06:53,32.32621578,119.8512543,466.24,0.183346,0.217724,124.687075,129.075932
334,03_0334.JPG,2018-10-23T09:06:57,32.32569438,119.852045,465.93,1.478231,0.034377,123.363543,128.096174
335,03_0335.JPG,2018-10-23T09:07:01,32.32517299,119.8528586,466.22,-1.506879,0.905273,123.970878,128.669132
336,03_0336.JPG,2018-10-23T09:07:04,32.32466306,119.8536607,466.4,0.349504,0.464096,125.151171,129.299386
337,03_0337.JPG,2018-10-23T09:07:08,32.32412448,119.8544399,466.27,-1.042783,0.229183,126.93307,130.502597
338,03_0338.JPG,2018-10-23T09:07:12,32.3235859,119.8552306,466.54,-1.535527,-0.063025,122.704641,127.941476
339,03_0339.JPG,2018-10-23T09:07:16,32.32307024,119.8560328,466.37,0.166158,0.378152,122.200439,127.156523
340,03_0340.JPG,2018-10-23T09:07:19,32.32254885,119.8568234,466.13,1.168834,-0.773493,123.180196,127.895639
341,03_0341.JPG,2018-10-23T09:07:23,32.32202745,119.857637,466.27,-0.40107,-1.621471,121.535808,127.236738
342,03_0342.JPG,2018-10-23T09:07:27,32.32150033,119.8584277,466.14,-1.306344,-0.893814,119.834123,126.491892
343,03_0343.JPG,2018-10-23T09:07:31,32.3209904,119.8592413,466.24,1.059972,0.601606,121.008686,126.807019
344,03_0344.JPG,2018-10-23T09:07:34,32.32046901,119.8600435,466.05,-1.466772,-0.091673,120.951391,127.019014
345,03_0345.JPG,2018-10-23T09:07:38,32.31995335,119.8608456,466.37,-0.509932,-0.372423,121.976985,127.282574
346,03_0346.JPG,2018-10-23T09:07:42,32.31941477,119.8616363,466.27,-1.604282,-0.280749,121.4957,127.311222
347,03_0347.JPG,2018-10-23T09:07:46,32.31890483,119.8624384,466.28,0.017189,-0.00573,120.023199,126.205414
348,03_0348.JPG,2018-10-23T09:07:50,32.31838344,119.8632406,465.92,-1.059972,-0.80787,119.839852,126.11374
349,03_0349.JPG,2018-10-23T09:07:53,32.31787924,119.8640542,466.1,3.013758,-0.378152,121.50716,126.978907
350,03_0350.JPG,2018-10-23T09:07:57,32.31734066,119.8648449,465.77,-0.4068,-0.028648,120.659182,126.669509
351,03_0351.JPG,2018-10-23T09:08:01,32.31683073,119.8656585,465.88,0.034377,-0.223454,120.928472,126.348653
352,03_0352.JPG,2018-10-23T09:08:04,32.31632079,119.8664606,466.22,2.205888,0.521392,122.595779,127.305493
353,03_0353.JPG,2018-10-23T09:08:08,32.31578794,119.8672513,466.09,-1.094349,-0.607335,121.644669,127.563324
354,03_0354.JPG,2018-10-23T09:08:12,32.31527228,119.8680534,466.2,0.286479,-0.830789,121.197762,127.099228
355,03_0355.JPG,2018-10-23T09:08:16,32.31475662,119.868867,466.16,0.011459,0.578687,122.905177,128.359735
356,03_0356.JPG,2018-10-23T09:08:20,32.31424096,119.8696692,466.03,2.286102,0.727656,121.237869,127.282574
357,03_0357.JPG,2018-10-23T09:08:23,32.3137253,119.8704713,466.03,0.939651,1.839195,122.698912,128.319628
358,03_0358.JPG,2018-10-23T09:08:27,32.31319245,119.8712734,465.79,-1.386558,1.816276,124.612591,129.024366
359,03_0359.JPG,2018-10-23T09:08:31,32.31266532,119.8720641,466.09,-0.320856,1.461042,123.54116,128.388383
360,03_0360.JPG,2018-10-23T09:08:35,32.31214393,119.8728548,466.09,0.750575,1.094349,122.572861,127.517487
361,03_0361.JPG,2018-10-23T09:08:39,32.31162254,119.8736569,466.26,0.767763,-0.378152,124.171413,128.795183
362,03_0362.JPG,2018-10-23T09:08:42,32.31108969,119.8744476,466.14,-0.81933,-1.461042,121.684777,127.500298
363,03_0363.JPG,2018-10-23T09:08:46,32.31055111,119.8752268,466.12,-2.664254,-0.515662,120.636264,126.864315
364,03_0364.JPG,2018-10-23T09:08:50,32.31004118,119.8760404,466.14,-1.111538,-0.830789,118.968957,125.277222
365,03_0365.JPG,2018-10-23T09:08:54,32.30953697,119.876854,466.17,1.443854,-1.019865,121.432675,127.276845
366,03_0366.JPG,2018-10-23T09:08:58,32.30901558,119.8776562,466.13,-0.739116,-2.011082,121.530078,128.119093
367,03_0367.JPG,2018-10-23T09:09:02,32.30849992,119.8784698,466.1,0.487014,-2.778845,120.263841,127.488839
368,03_0368.JPG,2018-10-23T09:09:05,32.3079728,119.8792605,465.67,-0.584417,-1.151645,120.269571,127.809695
369,03_0369.JPG,2018-10-23T09:09:09,32.30744568,119.8800512,465.48,-0.595876,0.567228,119.839852,127.213819
370,03_0370.JPG,2018-10-23T09:09:13,32.30692429,119.8808533,465.46,0.034377,1.724603,120.424269,126.818478
371,03_0371.JPG,2018-10-23T09:09:17,32.3064029,119.8816554,466.01,-0.097403,1.094349,120.091954,126.996095
372,03_0372.JPG,2018-10-23T09:09:20,32.3058815,119.8824576,466.31,-0.922462,1.054242,119.719531,126.428867
373,03_0373.JPG,2018-10-23T09:09:24,32.30537157,119.8832597,465.81,0.996947,2.475178,121.925419,126.80129
374,03_0374.JPG,2018-10-23T09:09:28,32.30484445,119.8840504,465.72,0.120321,3.552338,121.696236,126.772642
375,03_0375.JPG,2018-10-23T09:09:32,32.30432879,119.884864,466.17,0.853707,1.839195,123.747425,127.271115
376,03_0376.JPG,2018-10-23T09:09:36,32.30381313,119.8856661,466.76,1.077161,0.624524,124.234439,127.792507
377,03_0377.JPG,2018-10-23T09:09:39,32.30329173,119.8864683,466.49,-1.031324,0.8136,124.589673,128.136281
378,03_0378.JPG,2018-10-23T09:09:43,32.30276461,119.887259,466.14,-0.67609,0.670361,125.741318,128.583188
379,03_0379.JPG,2018-10-23T09:09:47,32.30224322,119.8880726,466.29,0.309397,0.481285,125.099605,127.975853
380,03_0380.JPG,2018-10-23T09:09:51,32.30172756,119.8888747,466.2,2.108485,0.429718,124.475081,127.47738
381,03_0381.JPG,2018-10-23T09:09:55,32.30120044,119.8896654,466.75,1.203211,-1.655848,124.314653,128.170659
382,03_0382.JPG,2018-10-23T09:09:59,32.30067905,119.8904561,466.58,0.847978,-3.265859,124.635509,128.044608
383,03_0383.JPG,2018-10-23T09:10:03,32.3001462,119.8912582,466.5,-1.306344,-4.033623,122.418163,128.027419
384,03_0384.JPG,2018-10-23T09:10:07,32.29963053,119.8920603,466.06,0.154699,-3.472124,120.6821,126.743994
385,03_0385.JPG,2018-10-23T09:10:53,32.29781999,119.8906738,465.82,-0.229183,-2.629876,-37.374037,-49.492094
386,03_0386.JPG,2018-10-23T09:11:00,32.29835857,119.8898831,465.91,0.595876,-3.076783,-41.184206,-54.092945
387,03_0387.JPG,2018-10-23T09:11:07,32.2988685,119.889081,466.06,-0.120321,-1.420935,-39.929429,-52.608985
388,03_0388.JPG,2018-10-23T09:11:15,32.29938416,119.8882788,465.93,-0.704738,-0.882355,-39.723164,-52.311047
389,03_0389.JPG,2018-10-23T09:11:22,32.29990555,119.8874652,465.92,0.332316,1.36364,-41.591006,-53.479881
390,03_0390.JPG,2018-10-23T09:11:29,32.30042695,119.8866631,465.94,0.297938,3.265859,-40.817513,-51.732359
391,03_0391.JPG,2018-10-23T09:11:37,32.30094834,119.8858724,465.68,0.842248,4.314372,-41.476415,-51.938624
392,03_0392.JPG,2018-10-23T09:11:45,32.30147546,119.8850817,465.73,0.721927,3.919031,-41.619654,-52.179266
393,03_0393.JPG,2018-10-23T09:11:53,32.30199112,119.8842681,466.93,0.217724,1.077161,-41.522251,-51.405773
394,03_0394.JPG,2018-10-23T09:12:02,32.30251824,119.8834774,466.64,0.063025,-1.260507,-40.290392,-50.850004
395,03_0395.JPG,2018-10-23T09:12:09,32.30304536,119.8826753,466.07,0.635983,-2.16578,-41.476415,-53.267886
396,03_0396.JPG,2018-10-23T09:12:17,32.30356102,119.8818846,466.42,-1.546986,-1.49542,-41.035237,-52.328235
397,03_0397.JPG,2018-10-23T09:12:25,32.30408242,119.881071,465.98,-2.022541,-1.380828,-40.85762,-51.537554
398,03_0398.JPG,2018-10-23T09:12:32,32.30459808,119.8802689,466.05,0.762034,-0.171887,-41.155558,-51.909976
399,03_0399.JPG,2018-10-23T09:12:39,32.30511374,119.8794667,466.05,0.928192,0.567228,-43.424471,-53.422585
400,03_0400.JPG,2018-10-23T09:12:46,32.3056294,119.8786531,466.14,1.953786,2.234535,-41.413389,-51.812573
401,03_0401.JPG,2018-10-23T09:12:54,32.30616225,119.8778625,466.24,1.128727,0.360963,-41.384742,-53.411126
402,03_0402.JPG,2018-10-23T09:13:02,32.30667792,119.8770718,466.35,1.266237,0.028648,-42.198342,-53.989813
403,03_0403.JPG,2018-10-23T09:13:10,32.30721077,119.8762696,466.26,0.366693,0.309397,-40.897727,-52.39699
404,03_0404.JPG,2018-10-23T09:13:18,32.3077207,119.875456,466.18,-0.974028,1.08289,-41.304527,-53.004326
405,03_0405.JPG,2018-10-23T09:13:26,32.30825355,119.8746654,466.2,-0.974028,0.80787,-39.304905,-51.85268
406,03_0406.JPG,2018-10-23T09:13:34,32.30877494,119.8738747,466.27,0.355234,-0.332316,-40.250285,-53.795007
407,03_0407.JPG,2018-10-23T09:13:43,32.3092906,119.8730725,466.73,-0.939651,-2.268913,-38.640274,-51.45161
408,03_0408.JPG,2018-10-23T09:13:51,32.30980054,119.8722475,466.17,0.962569,-1.6272,-39.63722,-52.230833
409,03_0409.JPG,2018-10-23T09:13:59,32.31033339,119.8714682,466.26,0.464096,-1.065701,-39.385119,-51.778196
410,03_0410.JPG,2018-10-23T09:14:06,32.31084905,119.8706661,466.1,-1.059972,-1.117268,-38.731947,-50.546337
411,03_0411.JPG,2018-10-23T09:14:14,32.31137044,119.869864,466.29,-0.085944,-0.721927,-39.018426,-51.205238
412,03_0412.JPG,2018-10-23T09:14:22,32.3118861,119.8690504,466.19,-0.95111,-0.177617,-38.508493,-51.411503
413,03_0413.JPG,2018-10-23T09:14:30,32.31243041,119.8682711,466.34,-1.186023,-1.885031,-40.72584,-53.519988
414,03_0414.JPG,2018-10-23T09:14:38,32.31293461,119.8674575,466.17,0.53858,-1.804817,-39.356471,-51.365666
415,03_0415.JPG,2018-10-23T09:14:45,32.31345601,119.8666669,466.36,-0.13751,0,-40.301851,-52.351154
416,03_0416.JPG,2018-10-23T09:14:53,32.3139774,119.8658533,465.62,1.661578,0.360963,-39.837755,-52.603255
417,03_0417.JPG,2018-10-23T09:15:01,32.31450452,119.8650626,466.2,-0.326586,-0.521392,-39.557006,-52.557419
418,03_0418.JPG,2018-10-23T09:15:08,32.31502591,119.8642604,466.21,0.177617,0.584417,-40.639896,-53.405396
419,03_0419.JPG,2018-10-23T09:15:17,32.3155473,119.8634698,466.04,-0.280749,0.509932,-40.307581,-52.712117
420,03_0420.JPG,2018-10-23T09:15:25,32.31605723,119.8626676,466.05,-1.008406,-1.128727,-39.90651,-52.207914
421,03_0421.JPG,2018-10-23T09:15:33,32.31659008,119.861854,465.99,0.154699,-0.693279,-39.803378,-51.944354
422,03_0422.JPG,2018-10-23T09:15:40,32.31710002,119.8610633,465.76,-0.446907,-0.063025,-40.055479,-52.104782
423,03_0423.JPG,2018-10-23T09:15:48,32.31762714,119.8602612,466.17,-1.375099,0.355234,-38.857998,-51.669334
424,03_0424.JPG,2018-10-23T09:15:55,32.31813707,119.8594476,465.97,1.678766,1.873572,-37.60895,-50.053593
425,03_0425.JPG,2018-10-23T09:16:03,32.31866992,119.8586569,466.33,-1.558445,-0.017189,-38.903834,-51.669334
426,03_0426.JPG,2018-10-23T09:16:11,32.31920277,119.8578662,466.26,-2.30329,-0.177617,-39.413767,-51.612038
427,03_0427.JPG,2018-10-23T09:16:18,32.31970698,119.8570641,466.06,0.303668,0.979758,-39.992454,-52.064675
428,03_0428.JPG,2018-10-23T09:16:26,32.32024556,119.8562734,466.06,-1.403747,-1.151645,-40.101316,-51.629227
429,03_0429.JPG,2018-10-23T09:16:33,32.32076122,119.8554598,466.33,-0.13751,-1.019865,-39.694516,-52.717847
430,03_0430.JPG,2018-10-23T09:16:41,32.32128261,119.8546577,466.18,-0.171887,-0.521392,-39.430955,-52.574607
431,03_0431.JPG,2018-10-23T09:16:48,32.32178681,119.8538555,465.75,-0.429718,-0.487014,-40.215908,-52.207914
432,03_0432.JPG,2018-10-23T09:16:55,32.32231966,119.8530534,465.94,0.607335,0.114592,-39.471063,-52.213644
433,03_0433.JPG,2018-10-23T09:17:02,32.32284105,119.8522512,466.02,-0.097403,1.014135,-40.536764,-52.448557
434,03_0434.JPG,2018-10-23T09:17:10,32.32336245,119.8514606,465.83,1.718873,0,-42.072291,-55.966517
435,03_0435.JPG,2018-10-23T09:17:18,32.3238953,119.8506699,466.08,-0.658901,0.154699,-42.461902,-54.791954
436,03_0436.JPG,2018-10-23T09:17:26,32.32439377,119.8498448,466.22,0.366693,-0.423989,-40.611249,-54.121593
437,03_0437.JPG,2018-10-23T09:17:33,32.32491516,119.8490541,466.3,-0.429718,0.40107,-37.815214,-50.065052
438,03_0438.JPG,2018-10-23T09:17:41,32.32543655,119.848252,466.15,0.716197,-0.481285,-38.485575,-50.930218
439,03_0439.JPG,2018-10-23T09:17:49,32.32595794,119.8474499,465.97,1.071431,-1.014135,-39.746082,-52.769413
440,03_0440.JPG,2018-10-23T09:17:56,32.32648507,119.8466477,466.27,-0.40107,-2.755927,-39.190313,-53.159024
441,03_0441.JPG,2018-10-23T09:18:03,32.32700646,119.8458456,465.96,-1.375099,-1.420935,-38.181907,-52.139159
442,03_0442.JPG,2018-10-23T09:18:11,32.32752785,119.8450549,465.65,-0.962569,-0.802141,-38.15326,-51.354207
443,03_0443.JPG,2018-10-23T09:18:18,32.32804351,119.8442528,466.18,0.286479,-0.830789,-39.224691,-52.351154
444,03_0444.JPG,2018-10-23T09:18:26,32.32855917,119.8434392,466.28,-1.438124,0.120321,-39.127288,-51.755278
445,03_0445.JPG,2018-10-23T09:18:33,32.32907484,119.842637,466.4,-0.068755,-1.833465,-37.500088,-49.497824
446,03_0446.JPG,2018-10-23T09:18:40,32.32960769,119.8418463,466.2,0.429718,0.487014,-39.316364,-52.620444
447,03_0447.JPG,2018-10-23T09:18:48,32.33012335,119.8410327,466.22,-1.025594,0.229183,-37.74646,-49.973379
448,03_0448.JPG,2018-10-23T09:18:56,32.33063901,119.840242,466.15,0.704738,0.068755,-37.975643,-50.850004
449,03_0449.JPG,2018-10-23T09:19:03,32.33118905,119.8394514,466.04,-0.54431,-1.592823,-39.047074,-51.973002
450,03_0450.JPG,2018-10-23T09:19:11,32.33170471,119.8386607,466.11,1.48969,-0.750575,-42.22126,-55.909222
451,03_0451.JPG,2018-10-23T09:19:18,32.33222037,119.8378585,466.02,-0.063025,-1.042783,-39.264798,-51.743818
452,03_0452.JPG,2018-10-23T09:19:25,32.33274749,119.8370449,465.93,-1.867842,0.217724,-39.91224,-53.474151
453,03_0453.JPG,2018-10-23T09:19:33,32.33327462,119.8362543,466.04,-1.936597,0.229183,-39.717434,-52.895464
454,03_0454.JPG,2018-10-23T09:19:40,32.33376163,119.8354407,466.18,0.011459,-2.17724,-38.55433,-51.365666
455,03_0455.JPG,2018-10-23T09:19:48,32.33430021,119.83465,466.22,-1.959516,-1.420935,-38.760595,-51.955813
456,03_0456.JPG,2018-10-23T09:19:55,32.33482733,119.8338478,466.2,-0.189076,-0.280749,-36.846916,-50.351531
457,03_0457.JPG,2018-10-23T09:20:02,32.33533726,119.8330457,466.04,1.587093,-0.893814,-40.662815,-55.175836
458,03_0458.JPG,2018-10-23T09:20:10,32.33587584,119.832255,466.02,-1.35791,-0.561499,-41.505063,-54.688822
459,03_0459.JPG,2018-10-23T09:20:17,32.33638578,119.8314529,465.98,-0.830789,-0.206265,-40.095587,-52.162078
460,03_0460.JPG,2018-10-23T09:20:25,32.33691863,119.8306507,466.08,-0.080214,-0.882355,-43.17237,-56.34467
461,03_0461.JPG,2018-10-23T09:20:32,32.33741137,119.8298371,466.19,0.842248,0.784952,-39.963806,-52.843897
462,03_0462.JPG,2018-10-23T09:20:39,32.33794422,119.8290465,466.17,-0.332316,1.037054,-41.241502,-53.044433
463,03_0463.JPG,2018-10-23T09:20:47,32.3384828,119.8282558,466.14,-0.641713,1.237589,-41.94624,-54.488286
464,03_0464.JPG,2018-10-23T09:20:55,32.33899273,119.8274422,465.8,1.392287,0.085944,-40.622708,-53.554365
465,03_0465.JPG,2018-10-23T09:21:03,32.33949694,119.8266286,466.24,1.409476,0.206265,-40.840432,-53.285075
466,03_0466.JPG,2018-10-23T09:21:10,32.34002406,119.8258379,465.94,-0.360963,0.68182,-41.092533,-53.479881
467,03_0467.JPG,2018-10-23T09:21:18,32.34055118,119.8250357,466.19,0,-1.231859,-40.015372,-52.368342
468,03_0468.JPG,2018-10-23T09:21:26,32.3410783,119.8242451,466.03,0.572958,-0.641713,-40.18153,-52.929841
469,03_0469.JPG,2018-10-23T09:21:34,32.34157677,119.82342,466.39,0.95111,-2.274642,-38.749136,-51.697982
470,03_0470.JPG,2018-10-23T09:21:41,32.34212108,119.8226522,466.17,0.166158,-1.604282,-38.794972,-51.829762
471,03_0471.JPG,2018-10-23T09:21:48,32.34261383,119.8218157,465.72,2.331938,-1.592823,-38.886646,-52.597526
472,03_0472.JPG,2018-10-23T09:21:55,32.34317533,119.821048,466.11,-2.836141,-1.524068,-40.284663,-53.468421
473,03_0473.JPG,2018-10-23T09:22:02,32.34369672,119.8202458,466.19,-0.968299,-0.297938,-39.173124,-52.276669
474,03_0474.JPG,2018-10-23T09:22:10,32.34420092,119.8194437,465.82,-0.13751,0.177617,-39.408037,-53.08454
475,03_0475.JPG,2018-10-23T09:22:17,32.34471658,119.8186301,466.02,0.899544,-1.008406,-38.754865,-52.036027
476,03_0476.JPG,2018-10-23T09:22:24,32.3452437,119.8178279,466.09,0.022918,-1.128727,-38.892375,-51.422962
477,03_0477.JPG,2018-10-23T09:22:31,32.34574791,119.8170258,466.08,3.288778,-2.372045,-39.09864,-53.021514
478,03_0478.JPG,2018-10-23T09:22:39,32.34628076,119.8162351,466.36,-0.974028,-2.429341,-38.302229,-51.073458
479,03_0479.JPG,2018-10-23T09:22:46,32.34680215,119.815433,465.72,0.475555,-0.847978,-38.720488,-52.25948
480,03_0480.JPG,2018-10-23T09:22:54,32.34730635,119.8146194,465.92,2.555392,-1.569904,-40.496657,-55.210213
481,03_0481.JPG,2018-10-23T09:23:41,32.34572499,119.8129234,465.96,-1.203211,-0.590147,115.422348,127.122146
482,03_0482.JPG,2018-10-23T09:23:45,32.34522079,119.8137485,466.29,1.965245,-0.716197,115.703097,127.179442
483,03_0483.JPG,2018-10-23T09:23:48,32.34471658,119.8145506,465.91,1.294885,0.338045,118.762692,129.23636
484,03_0484.JPG,2018-10-23T09:23:52,32.34414363,119.8153184,466.24,-3.39764,-0.034377,118.550697,128.875397
485,03_0485.JPG,2018-10-23T09:23:56,32.34361077,119.8160976,466.34,-1.415206,-0.601606,114.935334,125.426191
486,03_0486.JPG,2018-10-23T09:24:00,32.34309511,119.8168997,466.33,0.257831,-0.372423,113.159165,124.205791
487,03_0487.JPG,2018-10-23T09:24:04,32.34258518,119.8177248,466,-0.120321,0,114.631666,124.956366
488,03_0488.JPG,2018-10-23T09:24:08,32.34207525,119.8185269,466.12,0.148969,-0.939651,114.683232,124.858963
489,03_0489.JPG,2018-10-23T09:24:12,32.34156532,119.8193291,465.98,1.294885,-1.22613,115.027007,125.007932
490,03_0490.JPG,2018-10-23T09:24:16,32.34106111,119.8201541,465.71,0.378152,-1.718873,118.275678,127.282574
491,03_0491.JPG,2018-10-23T09:24:20,32.34054545,119.8209563,465.92,0.40107,-1.340721,120.596157,128.760805
492,03_0492.JPG,2018-10-23T09:24:24,32.34005271,119.8217813,466.15,2.160051,-1.713144,122.200439,129.50565
493,03_0493.JPG,2018-10-23T09:24:27,32.33951986,119.822572,466.45,-0.630254,-1.461042,124.801667,131.602676
494,03_0494.JPG,2018-10-23T09:24:31,32.33895836,119.8233283,466.44,-2.102755,-0.578687,123.27187,130.336439
495,03_0495.JPG,2018-10-23T09:24:35,32.33841405,119.8241076,466.42,0.13178,-1.466772,120.114872,127.672185
496,03_0496.JPG,2018-10-23T09:24:39,32.33790984,119.8249326,466.43,1.535527,-2.102755,118.6481,126.474704
497,03_0497.JPG,2018-10-23T09:24:43,32.33735981,119.8257118,466.47,-1.151645,-1.174563,119.318461,127.523216
498,03_0498.JPG,2018-10-23T09:24:47,32.3368556,119.826514,465.96,1.581364,-1.254778,115.445266,124.612591
499,03_0499.JPG,2018-10-23T09:24:51,32.33634567,119.827339,466.01,-0.80787,-1.22613,117.439159,126.010608
500,03_0500.JPG,2018-10-23T09:24:55,32.33583574,119.8281412,466.15,2.142862,-1.134456,120.619075,127.506028
501,03_0501.JPG,2018-10-23T09:24:59,32.33530862,119.8289319,465.77,-0.922462,-0.847978,118.37881,126.486163
502,03_0502.JPG,2018-10-23T09:25:03,32.33479868,119.8297455,466.06,-0.601606,0.802141,120.521672,127.236738
503,03_0503.JPG,2018-10-23T09:25:07,32.33428875,119.8305591,466.04,1.781899,0.4068,123.002579,128.852479
504,03_0504.JPG,2018-10-23T09:25:11,32.33375017,119.8313383,466.29,0.974028,0.217724,121.581644,128.113363
505,03_0505.JPG,2018-10-23T09:25:14,32.33321732,119.832129,466.13,0.13178,0.939651,118.630911,126.039256
506,03_0506.JPG,2018-10-23T09:25:18,32.33272458,119.8329655,465.99,1.661578,1.409476,121.209222,127.448732
507,03_0507.JPG,2018-10-23T09:25:22,32.33216881,119.8337332,466,-0.54431,0.160428,121.942608,127.74667
508,03_0508.JPG,2018-10-23T09:25:26,32.33165887,119.8345354,465.75,0.699009,-0.292208,120.899824,126.629402
509,03_0509.JPG,2018-10-23T09:25:30,32.33113175,119.8353261,466.15,-1.128727,-0.040107,121.77072,126.990366
510,03_0510.JPG,2018-10-23T09:25:34,32.33062182,119.8361282,466.5,0.687549,0.011459,122.44681,126.721076
511,03_0511.JPG,2018-10-23T09:25:38,32.3300947,119.8369418,466.59,0.802141,1.025594,122.813503,127.586242
512,03_0512.JPG,2018-10-23T09:25:42,32.32957904,119.8377439,466.22,0.469825,1.35791,122.097306,126.818478
513,03_0513.JPG,2018-10-23T09:25:45,32.32907484,119.838569,465.98,1.398017,0.687549,124.182873,128.078986
514,03_0514.JPG,2018-10-23T09:25:49,32.32853626,119.8393482,466.12,-2.916355,-0.280749,123.724506,128.686321
515,03_0515.JPG,2018-10-23T09:25:53,32.32802632,119.8401504,466.02,0.67609,-0.916732,122.761937,127.551864
516,03_0516.JPG,2018-10-23T09:25:57,32.32748774,119.8409411,466.29,-2.217347,-1.157375,124.320382,128.995718
517,03_0517.JPG,2018-10-23T09:26:01,32.32697781,119.8417432,465.76,-0.802141,-0.653172,123.289058,128.313898
518,03_0518.JPG,2018-10-23T09:26:05,32.32644496,119.8425453,466.13,-2.406423,-0.882355,123.346354,128.313898
519,03_0519.JPG,2018-10-23T09:26:09,32.32594076,119.8433589,466.22,1.678766,-1.6272,122.103036,127.33987
520,03_0520.JPG,2018-10-23T09:26:13,32.32541364,119.8441496,466.29,-0.360963,-1.48969,122.561402,128.348276
521,03_0521.JPG,2018-10-23T09:26:17,32.3248636,119.8449288,466.32,-2.629876,-1.736062,121.793639,127.998771
522,03_0522.JPG,2018-10-23T09:26:21,32.32436512,119.8457539,466.12,0.532851,-1.249048,119.501807,126.228332
523,03_0523.JPG,2018-10-23T09:26:24,32.32384946,119.8465446,466.47,-0.366693,-1.936597,122.406703,128.078986
524,03_0524.JPG,2018-10-23T09:26:28,32.32332234,119.8473467,466.37,-0.532851,-2.72155,122.269193,128.101904
525,03_0525.JPG,2018-10-23T09:26:32,32.32280095,119.8481374,466.09,0.017189,-1.678766,121.959796,127.580512
526,03_0526.JPG,2018-10-23T09:26:36,32.32228529,119.848951,466.29,0.979758,-1.483961,122.515565,128.124822
527,03_0527.JPG,2018-10-23T09:26:40,32.32174671,119.8497417,466.21,-0.332316,0.154699,119.788286,126.646591
528,03_0528.JPG,2018-10-23T09:26:44,32.32123677,119.8505438,466.37,0.687549,-0.229183,119.541914,126.314276
529,03_0529.JPG,2018-10-23T09:26:48,32.32072111,119.851346,466.19,1.151645,-0.332316,121.203492,127.677915
530,03_0530.JPG,2018-10-23T09:26:52,32.32018826,119.8521481,466.09,-1.930868,-1.283425,118.464754,126.268439
531,03_0531.JPG,2018-10-23T09:26:55,32.31968979,119.8529617,465.86,1.438124,-1.512609,118.734044,126.600754
532,03_0532.JPG,2018-10-23T09:26:59,32.31915694,119.8537524,465.93,-1.157375,-1.300614,121.083171,127.718022
533,03_0533.JPG,2018-10-23T09:27:03,32.31864127,119.854566,465.74,-0.739116,-0.378152,120.664912,127.167983
534,03_0534.JPG,2018-10-23T09:27:07,32.31812561,119.8553567,465.97,0.26929,1.312073,121.713424,127.809695
535,03_0535.JPG,2018-10-23T09:27:10,32.31759849,119.8561588,466.04,0.114592,0.836518,122.171791,127.998771
536,03_0536.JPG,2018-10-23T09:27:14,32.3170771,119.856961,466.56,1.231859,0.189076,121.644669,127.637808
537,03_0537.JPG,2018-10-23T09:27:18,32.31655571,119.8577631,465.98,0.790682,2.102755,121.650399,127.74667
538,03_0538.JPG,2018-10-23T09:27:22,32.31602286,119.8585538,465.88,0.057296,2.675713,120.338326,126.428867
539,03_0539.JPG,2018-10-23T09:27:26,32.31551865,119.8593674,466.51,0.870896,1.271966,121.031605,126.864315
540,03_0540.JPG,2018-10-23T09:27:30,32.31499153,119.8601466,466.57,-2.056918,-0.555769,123.867746,128.216495
541,03_0541.JPG,2018-10-23T09:27:34,32.31446441,119.8609487,466.55,0.27502,-0.183346,122.412433,127.362788
542,03_0542.JPG,2018-10-23T09:27:38,32.31395448,119.8617623,466.4,1.025594,0.360963,123.117171,127.362788
543,03_0543.JPG,2018-10-23T09:27:42,32.31343309,119.8625645,466.52,0.521392,0.487014,124.051092,128.130552
544,03_0544.JPG,2018-10-23T09:27:46,32.31290024,119.8633552,466.23,-0.756304,-0.257831,122.509836,127.443002
545,03_0545.JPG,2018-10-23T09:27:50,32.31237312,119.8641458,465.98,-1.019865,-0.584417,122.068658,126.978907
546,03_0546.JPG,2018-10-23T09:27:54,32.31185172,119.8649594,465.98,-1.163104,-1.094349,122.423892,127.414354
547,03_0547.JPG,2018-10-23T09:27:58,32.31134752,119.8657616,465.8,1.518338,-0.00573,121.919689,127.06485
548,03_0548.JPG,2018-10-23T09:28:02,32.31082613,119.8665637,465.93,-1.014135,-0.847978,123.919312,128.680591
549,03_0549.JPG,2018-10-23T09:28:06,32.31030474,119.8673659,466.09,0.27502,-0.68182,121.787909,127.379977
550,03_0550.JPG,2018-10-23T09:28:10,32.30978335,119.868168,466.29,-1.145916,-0.343775,123.495323,128.405571
551,03_0551.JPG,2018-10-23T09:28:13,32.30925623,119.8689587,466.11,0.492744,1.472502,124.165684,128.70351
552,03_0552.JPG,2018-10-23T09:28:17,32.30873483,119.8697608,465.72,-0.206265,1.621471,121.083171,126.721076
553,03_0553.JPG,2018-10-23T09:28:21,32.30821917,119.8705744,466.19,1.186023,0.699009,124.194332,128.027419
554,03_0554.JPG,2018-10-23T09:28:25,32.30769205,119.8713651,466.08,0,1.025594,122.59005,127.076309
555,03_0555.JPG,2018-10-23T09:28:29,32.30717066,119.8721558,466.18,0.080214,0.716197,122.670264,127.391436
556,03_0556.JPG,2018-10-23T09:28:33,32.30664354,119.8729579,465.96,-0.063025,0.687549,121.805098,127.007554
557,03_0557.JPG,2018-10-23T09:28:37,32.30612215,119.8737486,465.97,1.191752,-0.739116,121.994174,126.921611
558,03_0558.JPG,2018-10-23T09:28:41,32.30560648,119.8745622,465.71,-0.252101,-1.111538,121.300895,126.715346
559,03_0559.JPG,2018-10-23T09:28:45,32.30508509,119.8753529,465.81,-0.464096,-0.435448,121.971255,126.486163
560,03_0560.JPG,2018-10-23T09:28:49,32.30455797,119.876155,466.41,0.120321,-0.595876,122.17752,126.78983
561,03_0561.JPG,2018-10-23T09:28:53,32.30404804,119.8769686,466.6,0.481285,-1.822006,121.805098,126.354383
562,03_0562.JPG,2018-10-23T09:28:56,32.30353811,119.8777822,466.2,0.063025,-1.804817,123.071334,127.941476
563,03_0563.JPG,2018-10-23T09:29:00,32.30302244,119.8785729,465.63,0.189076,-0.95111,123.180196,128.336817
564,03_0564.JPG,2018-10-23T09:29:04,32.30250105,119.8793865,465.55,1.048513,-0.022918,123.065605,128.004501
565,03_0565.JPG,2018-10-23T09:29:08,32.30196247,119.8801657,466.24,-2.652795,-0.338045,122.887988,128.405571
566,03_0566.JPG,2018-10-23T09:29:12,32.30144681,119.8809679,465.91,-0.567228,1.90222,122.58432,127.402895
567,03_0567.JPG,2018-10-23T09:29:16,32.30092542,119.88177,466.05,0.94538,0.888085,124.784478,128.686321
568,03_0568.JPG,2018-10-23T09:29:20,32.30039257,119.8825607,466.23,0.492744,1.031324,121.753531,126.921611
569,03_0569.JPG,2018-10-23T09:29:24,32.29987691,119.8833743,466.22,-0.693279,0.882355,121.552996,126.898692
570,03_0570.JPG,2018-10-23T09:29:28,32.29935551,119.884165,466.42,-1.145916,0.469825,123.329165,127.861262
571,03_0571.JPG,2018-10-23T09:29:32,32.29883412,119.8849671,466.52,0.080214,0.67609,123.248951,127.517487
572,03_0572.JPG,2018-10-23T09:29:36,32.29831846,119.8857807,466.18,0.315127,0.183346,121.999903,126.79556
573,03_0573.JPG,2018-10-23T09:29:40,32.29778561,119.8865714,466.56,-1.844924,-0.739116,123.67294,128.55454
574,03_0574.JPG,2018-10-23T09:29:43,32.29726995,119.8873621,466.06,0.40107,-0.223454,122.372326,127.242467
575,03_0575.JPG,2018-10-23T09:29:47,32.29675429,119.8881757,465.98,1.438124,-0.234913,120.859717,126.130929
576,03_0576.JPG,2018-10-23T09:29:51,32.29623289,119.8889664,466.22,-0.206265,0.435448,123.438027,127.918557
577,03_0577.JPG,2018-10-23T09:30:37,32.29441662,119.8875798,466.13,0.830789,-1.988164,-39.293446,-50.49477
578,03_0578.JPG,2018-10-23T09:30:44,32.29496093,119.8868006,465.8,-0.939651,-1.191752,-40.639896,-52.26521
579,03_0579.JPG,2018-10-23T09:30:51,32.29547086,119.8859985,465.87,1.621471,-0.366693,-41.986347,-53.560095
580,03_0580.JPG,2018-10-23T09:30:59,32.29599225,119.8851849,466.09,-1.294885,0.022918,-41.510792,-52.889734
581,03_0581.JPG,2018-10-23T09:31:06,32.29651937,119.8843942,466.12,-0.658901,1.799087,-42.026454,-53.697605
582,03_0582.JPG,2018-10-23T09:31:14,32.29702358,119.8835806,466.2,0.383882,1.163104,-40.084127,-51.703711
583,03_0583.JPG,2018-10-23T09:31:21,32.2975507,119.8827784,466.01,0.097403,-0.355234,-40.920646,-51.932895
584,03_0584.JPG,2018-10-23T09:31:29,32.29807782,119.8819878,466.03,-0.114592,-0.991217,-40.72011,-51.743818
585,03_0585.JPG,2018-10-23T09:31:36,32.29859921,119.8811856,466.26,0.114592,-1.988164,-40.697192,-51.600579
586,03_0586.JPG,2018-10-23T09:31:44,32.2991206,119.8803949,466.25,1.415206,-0.95684,-42.169694,-52.80952
587,03_0587.JPG,2018-10-23T09:31:51,32.29963626,119.8795928,466.03,-0.515662,-0.372423,-42.204071,-53.170483
588,03_0588.JPG,2018-10-23T09:31:58,32.30015766,119.8787792,465.97,0.933921,-0.876625,-42.530657,-53.290805
589,03_0589.JPG,2018-10-23T09:32:06,32.30067905,119.8779885,466.27,-1.564175,-0.355234,-41.470685,-51.617768
590,03_0590.JPG,2018-10-23T09:32:13,32.30120044,119.8771864,466.14,-1.157375,-1.512609,-41.361823,-52.694928
591,03_0591.JPG,2018-10-23T09:32:21,32.30172756,119.8763957,466.44,-1.317803,-1.077161,-40.668544,-52.820979
592,03_0592.JPG,2018-10-23T09:32:28,32.30224322,119.8755821,466.19,0.360963,0.355234,-40.605519,-53.330912
593,03_0593.JPG,2018-10-23T09:32:35,32.30275888,119.8747799,465.63,2.480907,0.572958,-40.015372,-52.225103
594,03_0594.JPG,2018-10-23T09:32:43,32.30329173,119.8739893,466.09,-0.177617,-0.53858,-40.903457,-52.740765
595,03_0595.JPG,2018-10-23T09:32:50,32.3038074,119.8731757,466.45,-0.13178,1.518338,-40.192989,-52.442827
596,03_0596.JPG,2018-10-23T09:32:57,32.30432879,119.872385,465.81,0.985487,1.312073,-41.384742,-53.89814
597,03_0597.JPG,2018-10-23T09:33:05,32.30484445,119.8715828,466.21,0.040107,-1.128727,-41.333175,-54.602878
598,03_0598.JPG,2018-10-23T09:33:12,32.30536011,119.8707807,466.43,0.108862,1.237589,-37.941265,-50.91303
599,03_0599.JPG,2018-10-23T09:33:19,32.30588723,119.8699671,465.99,-1.730333,0.383882,-39.241879,-52.276669
600,03_0600.JPG,2018-10-23T09:33:27,32.30641435,119.8691764,466.23,1.432394,-0.120321,-41.178477,-54.327858
601,03_0601.JPG,2018-10-23T09:33:34,32.30693002,119.8683743,466.33,2.016811,0.27502,-41.218584,-53.663227
602,03_0602.JPG,2018-10-23T09:33:41,32.30745141,119.8675836,466.1,-0.498473,0.194806,-41.384742,-53.004326
603,03_0603.JPG,2018-10-23T09:33:49,32.3079728,119.86677,466.24,-1.071431,0.13178,-40.192989,-51.812573
604,03_0604.JPG,2018-10-23T09:33:56,32.30849419,119.8659793,465.98,-0.830789,0.727656,-39.63722,-51.337018
605,03_0605.JPG,2018-10-23T09:34:04,32.30901558,119.8651772,466.06,1.254778,0.034377,-40.548223,-52.202185
606,03_0606.JPG,2018-10-23T09:34:11,32.30953697,119.864375,466.09,1.420935,1.655848,-40.846161,-52.586066
607,03_0607.JPG,2018-10-23T09:34:19,32.3100641,119.8635729,466.32,0.126051,-0.057296,-40.124234,-52.248021
608,03_0608.JPG,2018-10-23T09:34:26,32.31058549,119.8627707,466.18,0.223454,0.355234,-38.817891,-50.76979
609,03_0609.JPG,2018-10-23T09:34:34,32.31108969,119.8619686,466.43,1.558445,1.787628,-41.207125,-53.032974
610,03_0610.JPG,2018-10-23T09:34:42,32.31161681,119.8611779,466.31,1.174563,1.180293,-41.980618,-54.16743
611,03_0611.JPG,2018-10-23T09:34:49,32.31216112,119.8603987,466.05,-3.649741,-0.744845,-40.353418,-51.3141
612,03_0612.JPG,2018-10-23T09:34:57,32.31264814,119.8595622,466.43,1.191752,1.398017,-38.9554,-50.827086
613,03_0613.JPG,2018-10-23T09:35:05,32.31318099,119.8587715,466.13,1.673037,0.13751,-40.427902,-52.316776
614,03_0614.JPG,2018-10-23T09:35:12,32.31371384,119.8579808,465.98,0.487014,-0.360963,-40.983671,-53.267886
615,03_0615.JPG,2018-10-23T09:35:20,32.31422377,119.8571672,466.02,-0.859437,-0.744845,-40.485198,-52.288128
616,03_0616.JPG,2018-10-23T09:35:27,32.31474516,119.8563651,466.03,1.014135,0.527121,-42.805677,-54.912275
617,03_0617.JPG,2018-10-23T09:35:35,32.31527801,119.8555744,466.24,-0.561499,1.145916,-41.499333,-52.723576
618,03_0618.JPG,2018-10-23T09:35:43,32.31577648,119.8547608,466.13,0.590147,0.343775,-39.121558,-50.838545
619,03_0619.JPG,2018-10-23T09:35:50,32.31630934,119.8539701,466.51,2.160051,0.355234,-41.527981,-53.382478
620,03_0620.JPG,2018-10-23T09:35:58,32.316825,119.853168,466.45,-0.343775,0.595876,-40.886268,-51.932895
621,03_0621.JPG,2018-10-23T09:36:06,32.31735785,119.8523773,466,-0.687549,2.939273,-40.066939,-51.3141
622,03_0622.JPG,2018-10-23T09:36:13,32.31788497,119.8515752,466.31,-0.360963,1.970975,-41.476415,-53.061621
623,03_0623.JPG,2018-10-23T09:36:21,32.31840636,119.850773,466.58,0.022918,1.747521,-43.006212,-54.723199
624,03_0624.JPG,2018-10-23T09:36:29,32.31892775,119.8499823,466.29,-1.89649,-0.320856,-40.639896,-52.087593
625,03_0625.JPG,2018-10-23T09:36:37,32.31944341,119.8491802,466.1,-0.085944,0.968299,-40.897727,-53.35383
626,03_0626.JPG,2018-10-23T09:36:44,32.31996481,119.848378,465.74,0.27502,0.13751,-41.573818,-53.852303
627,03_0627.JPG,2018-10-23T09:36:52,32.32046901,119.847553,465.96,1.145916,-0.670361,-42.49628,-55.141458
628,03_0628.JPG,2018-10-23T09:36:59,32.32097894,119.8467508,466.2,-0.710468,0.744845,-39.574195,-51.680793
629,03_0629.JPG,2018-10-23T09:37:07,32.32152325,119.8459716,466.22,-1.048513,0.378152,-40.657085,-53.577283
630,03_0630.JPG,2018-10-23T09:37:15,32.32202745,119.8451466,466.11,-1.174563,1.546986,-38.353795,-50.574985
631,03_0631.JPG,2018-10-23T09:37:22,32.32255458,119.8443559,466.59,-1.111538,0.045837,-38.233474,-51.491717
632,03_0632.JPG,2018-10-23T09:37:30,32.32308743,119.8435652,465.66,0.194806,0.229183,-40.233096,-53.554365
633,03_0633.JPG,2018-10-23T09:37:37,32.32359736,119.8427631,466.07,1.827735,0.836518,-40.261744,-53.474151
634,03_0634.JPG,2018-10-23T09:37:44,32.32412448,119.8419495,467.73,-1.180293,-1.506879,-37.087558,-51.188049
635,03_0635.JPG,2018-10-23T09:37:51,32.32462868,119.8411473,465.5,3.030947,-1.907949,-38.611626,-52.717847
636,03_0636.JPG,2018-10-23T09:37:59,32.32516726,119.8403566,465.93,0.343775,-1.707414,-39.241879,-52.40845
637,03_0637.JPG,2018-10-23T09:38:06,32.32569438,119.839566,466.38,1.231859,-0.303668,-39.522629,-53.021514
638,03_0638.JPG,2018-10-23T09:38:14,32.32620432,119.8387524,465.83,0.95684,1.08862,-38.760595,-52.385531
639,03_0639.JPG,2018-10-23T09:38:22,32.32673144,119.8379502,466.2,0.504203,0.613065,-38.926753,-52.442827
640,03_0640.JPG,2018-10-23T09:38:29,32.32726429,119.837171,466.08,-2.595499,-0.716197,-39.854944,-51.703711
641,03_0641.JPG,2018-10-23T09:38:37,32.32776849,119.8363574,465.88,0.979758,-1.151645,-40.135694,-52.637633
642,03_0642.JPG,2018-10-23T09:38:44,32.32829561,119.8355553,466.09,-0.521392,-1.75898,-39.723164,-52.488664
643,03_0643.JPG,2018-10-23T09:38:52,32.32881127,119.8347531,466.24,-0.223454,0.779223,-38.709029,-52.053216
644,03_0644.JPG,2018-10-23T09:38:59,32.32932694,119.833951,466.11,0.13178,1.260507,-38.307958,-50.569255
645,03_0645.JPG,2018-10-23T09:39:07,32.3298426,119.8331374,465.68,1.300614,0.395341,-40.599789,-53.772089
646,03_0646.JPG,2018-10-23T09:39:15,32.33037545,119.8323581,466.06,1.472502,-0.710468,-39.900781,-53.147565
647,03_0647.JPG,2018-10-23T09:39:23,32.33089111,119.831556,466.33,-0.933921,-2.062648,-40.359147,-52.230833
648,03_0648.JPG,2018-10-23T09:39:30,32.33142396,119.8307653,466.28,0.126051,-0.859437,-40.874809,-52.207914
649,03_0649.JPG,2018-10-23T09:39:38,32.33193962,119.8299403,466,-0.057296,-0.521392,-40.559682,-51.99592
650,03_0650.JPG,2018-10-23T09:39:45,32.33247248,119.829161,466.22,-0.286479,-0.561499,-40.834702,-53.073081
651,03_0651.JPG,2018-10-23T09:39:53,32.33297095,119.8283474,465.96,1.36364,-0.870896,-39.872133,-51.440151
652,03_0652.JPG,2018-10-23T09:40:00,32.33349807,119.8275453,465.95,-0.509932,0.166158,-41.40766,-54.236185
653,03_0653.JPG,2018-10-23T09:40:08,32.33403092,119.8267661,466.54,-0.94538,-0.211994,-38.886646,-51.05054
654,03_0654.JPG,2018-10-23T09:40:15,32.33454658,119.825941,465.91,0.028648,-1.042783,-41.241502,-53.921058
655,03_0655.JPG,2018-10-23T09:40:23,32.3350737,119.8251503,466.09,0.830789,-1.243318,-43.951592,-57.238484
656,03_0656.JPG,2018-10-23T09:40:30,32.33558364,119.8243482,465.53,-0.223454,0.504203,-40.307581,-52.018838
657,03_0657.JPG,2018-10-23T09:40:37,32.33610503,119.8235575,465.92,0.366693,-0.338045,-42.811406,-55.095622
658,03_0658.JPG,2018-10-23T09:40:45,32.33663215,119.8227439,466.04,-1.174563,0.114592,-41.413389,-52.574607
659,03_0659.JPG,2018-10-23T09:40:52,32.33714208,119.8219418,465.98,1.529797,0.779223,-39.539817,-49.732737
660,03_0660.JPG,2018-10-23T09:40:59,32.33764628,119.8211167,466.34,4.48626,1.506879,-43.361446,-55.731605
661,03_0661.JPG,2018-10-23T09:41:07,32.33819632,119.8203604,466.33,-0.022918,-1.329262,-40.273203,-52.488664
662,03_0662.JPG,2018-10-23T09:41:14,32.33871772,119.8195468,466.02,0.53858,-0.595876,-41.063885,-53.227779
663,03_0663.JPG,2018-10-23T09:41:21,32.33921619,119.8187332,466.29,1.438124,-2.589769,-40.576871,-52.608985
664,03_0664.JPG,2018-10-23T09:41:28,32.3397605,119.817954,465.77,-2.360586,0.624524,-38.56006,-51.325559
665,03_0665.JPG,2018-10-23T09:41:34,32.34027616,119.8171404,465.9,0.53858,-0.53858,-42.416066,-54.322129
666,03_0666.JPG,2018-10-23T09:41:41,32.34080328,119.8163497,466.08,0.045837,0.859437,-42.914539,-54.133052
667,03_0667.JPG,2018-10-23T09:41:48,32.34132467,119.8155476,466.04,-0.899544,-0.160428,-44.369852,-55.164377
668,03_0668.JPG,2018-10-23T09:41:55,32.34183461,119.8147454,465.94,-0.395341,-0.045837,-42.811406,-53.307993
669,03_0669.JPG,2018-10-23T09:42:02,32.34236746,119.8139433,466.18,-1.380828,0.756304,-41.023778,-51.938624
670,03_0670.JPG,2018-10-23T09:42:09,32.34290031,119.8131526,466.18,-1.472502,0.435448,-42.851513,-53.795007
671,03_0671.JPG,2018-10-23T09:42:17,32.34339305,119.812339,465.94,-0.315127,-1.501149,-39.923699,-50.76979
672,03_0672.JPG,2018-10-23T09:42:24,32.34393736,119.8115598,466.26,-0.721927,-2.480907,-40.86335,-52.368342
673,03_0673.JPG,2018-10-23T09:43:10,32.34233881,119.809818,466.03,1.678766,-0.475555,115.313486,126.079363
674,03_0674.JPG,2018-10-23T09:43:14,32.34182315,119.810643,466.05,1.529797,-0.94538,117.525103,127.483109
675,03_0675.JPG,2018-10-23T09:43:18,32.34128457,119.8114223,466.25,-0.647442,-1.249048,118.951768,128.090445
676,03_0676.JPG,2018-10-23T09:43:22,32.34076317,119.8122244,466.01,-1.203211,-1.982434,116.172923,126.239791
677,03_0677.JPG,2018-10-23T09:43:26,32.34024751,119.813038,465.88,-0.870896,-0.865166,118.38454,127.420084
678,03_0678.JPG,2018-10-23T09:43:30,32.33973185,119.8138402,465.57,1.375099,0.338045,118.098061,126.486163
679,03_0679.JPG,2018-10-23T09:43:34,32.33921046,119.8146308,465.75,1.294885,1.289155,120.200816,127.437273
680,03_0680.JPG,2018-10-23T09:43:38,32.33868334,119.8154215,466.04,0.81933,0.716197,122.114495,128.336817
681,03_0681.JPG,2018-10-23T09:43:42,32.33814476,119.8162122,466.3,-0.595876,-0.469825,118.808528,125.735588
682,03_0682.JPG,2018-10-23T09:43:46,32.3376291,119.8170258,466.29,1.449583,-0.240642,118.831447,125.391813
683,03_0683.JPG,2018-10-23T09:43:50,32.33714208,119.8178394,466.33,1.398017,1.054242,122.068658,127.546135
684,03_0684.JPG,2018-10-23T09:43:54,32.33662642,119.818653,466.14,2.085566,0.515662,123.862016,128.583188
685,03_0685.JPG,2018-10-23T09:43:59,32.33607638,119.8194322,466.57,-0.733386,-0.481285,124.744371,129.425436
686,03_0686.JPG,2018-10-23T09:44:03,32.33556072,119.8202344,466.25,0.13178,-0.670361,118.883013,125.265763
687,03_0687.JPG,2018-10-23T09:44:07,32.33505651,119.821048,466.39,1.76471,-0.859437,122.017092,127.88418
688,03_0688.JPG,2018-10-23T09:44:11,32.33451793,119.8218272,466.24,-2.595499,-1.472502,122.962472,129.167605
689,03_0689.JPG,2018-10-23T09:44:14,32.33399654,119.8226408,466.45,-0.767763,-0.870896,121.558726,127.511757
690,03_0690.JPG,2018-10-23T09:44:18,32.33345223,119.82342,466.13,-2.223076,-0.68182,119.496078,126.331464
691,03_0691.JPG,2018-10-23T09:44:22,32.33295376,119.8242336,466.03,0.618794,-0.41253,120.670641,126.52054
692,03_0692.JPG,2018-10-23T09:44:26,32.33244383,119.8250357,466.15,1.535527,-0.085944,124.08547,128.033149
693,03_0693.JPG,2018-10-23T09:44:30,32.33189379,119.825815,465.62,-1.77044,1.942327,120.710748,126.245521
694,03_0694.JPG,2018-10-23T09:44:34,32.33138958,119.82664,465.2,1.690225,3.231482,121.518619,126.400219
695,03_0695.JPG,2018-10-23T09:44:38,32.33085673,119.8274307,466.19,-0.475555,2.274642,120.82534,126.268439
696,03_0696.JPG,2018-10-23T09:44:42,32.33035253,119.8282329,466.59,2.910626,0.315127,122.269193,126.709616
697,03_0697.JPG,2018-10-23T09:44:46,32.32984833,119.8290579,465.82,2.011082,0.939651,123.145819,127.110687
698,03_0698.JPG,2018-10-23T09:44:50,32.32932121,119.8298486,465.82,-0.194806,0.206265,124.114118,127.981583
699,03_0699.JPG,2018-10-23T09:44:54,32.32879409,119.8306393,466.39,-0.601606,0.750575,124.664157,128.29098
700,03_0700.JPG,2018-10-23T09:44:58,32.32824978,119.8314185,466.19,-0.315127,-0.383882,123.518241,127.145064
701,03_0701.JPG,2018-10-23T09:45:02,32.32773984,119.8322436,466.15,1.014135,-1.243318,121.627481,125.237115
702,03_0702.JPG,2018-10-23T09:45:06,32.32721845,119.8330342,466.45,-1.134456,-1.174563,124.389137,127.483109
703,03_0703.JPG,2018-10-23T09:45:10,32.32669706,119.8338364,466.14,0.017189,-0.338045,125.02512,127.511757
704,03_0704.JPG,2018-10-23T09:45:14,32.32619286,119.8346614,465.72,1.449583,0.26929,122.131684,125.718399
705,03_0705.JPG,2018-10-23T09:45:18,32.3256772,119.8354521,466.41,-0.183346,-1.031324,126.864315,129.50565
706,03_0706.JPG,2018-10-23T09:45:22,32.32516153,119.8362543,466.38,2.331938,-1.730333,125.248574,128.766535
707,03_0707.JPG,2018-10-23T09:45:26,32.32463441,119.8370679,466.14,0.349504,-1.6272,125.460568,129.568676
708,03_0708.JPG,2018-10-23T09:45:30,32.32410729,119.8378585,466.1,0,-0.830789,125.466298,129.454084
709,03_0709.JPG,2018-10-23T09:45:33,32.32358017,119.8386492,466.43,-0.527121,0,125.827261,129.683267
710,03_0710.JPG,2018-10-23T09:45:37,32.32305878,119.8394399,465.97,0.320856,-0.252101,124.664157,128.932693
711,03_0711.JPG,2018-10-23T09:45:41,32.32251447,119.8402306,466.09,-1.839195,-0.349504,123.105712,128.388383
712,03_0712.JPG,2018-10-23T09:45:45,32.32199881,119.8410327,466.26,1.260507,-0.234913,121.77072,127.483109
713,03_0713.JPG,2018-10-23T09:45:49,32.32147741,119.8418349,466.3,-0.641713,0.303668,120.200816,126.52627
714,03_0714.JPG,2018-10-23T09:45:53,32.32095029,119.8426256,466.37,-2.377775,-1.6272,119.656506,126.211143
715,03_0715.JPG,2018-10-23T09:45:57,32.32045182,119.8434392,466.42,2.417882,-1.249048,121.220681,127.047661
716,03_0716.JPG,2018-10-23T09:46:01,32.31991897,119.8442298,466.26,-1.844924,0.154699,122.022822,127.803966
717,03_0717.JPG,2018-10-23T09:46:05,32.31939758,119.8450434,465.93,0.080214,0.670361,120.384162,126.423137
718,03_0718.JPG,2018-10-23T09:46:09,32.31888192,119.8458456,466.09,0.366693,0.779223,121.36965,126.824208
719,03_0719.JPG,2018-10-23T09:46:12,32.31836052,119.8466363,465.67,-1.065701,-0.343775,122.423892,127.07058
720,03_0720.JPG,2018-10-23T09:46:16,32.31785059,119.8474613,465.93,1.369369,-0.068755,121.306624,126.52054
721,03_0721.JPG,2018-10-23T09:46:20,32.31732347,119.848252,466.36,-0.784952,0.389611,122.670264,128.15347
722,03_0722.JPG,2018-10-23T09:46:24,32.31680208,119.8490541,466.53,1.787628,-0.166158,121.4957,126.617943
723,03_0723.JPG,2018-10-23T09:46:28,32.31629215,119.8498677,466.48,1.111538,0.487014,121.822286,127.087769
724,03_0724.JPG,2018-10-23T09:46:32,32.31577076,119.8506584,466.04,0.114592,0,122.148872,127.981583
725,03_0725.JPG,2018-10-23T09:46:36,32.31524363,119.8514606,466.05,-0.246372,0.928192,122.899447,127.758129
726,03_0726.JPG,2018-10-23T09:46:40,32.31472224,119.8522512,465.99,0.040107,1.804817,122.945284,127.672185
727,03_0727.JPG,2018-10-23T09:46:44,32.31419512,119.8530534,466.2,0.194806,1.231859,123.798991,128.078986
728,03_0728.JPG,2018-10-23T09:46:48,32.31367946,119.8538555,465.94,-0.630254,0.928192,123.300518,127.792507
729,03_0729.JPG,2018-10-23T09:46:52,32.31315234,119.8546577,465.76,-1.014135,0.836518,123.40365,127.74667
730,03_0730.JPG,2018-10-23T09:46:56,32.31263095,119.8554483,466.03,-1.942327,0.939651,123.254681,128.044608
731,03_0731.JPG,2018-10-23T09:47:00,32.31210956,119.8562505,466.03,-0.762034,0.750575,123.111441,128.027419
732,03_0732.JPG,2018-10-23T09:47:04,32.3115767,119.8570297,465.98,-0.527121,1.707414,121.341002,126.818478
733,03_0733.JPG,2018-10-23T09:47:08,32.31106677,119.8578548,465.96,1.065701,0.710468,121.552996,126.703887
734,03_0734.JPG,2018-10-23T09:47:12,32.31053392,119.8586455,466.32,-0.607335,-0.727656,121.575915,127.253926
735,03_0735.JPG,2018-10-23T09:47:16,32.31001826,119.8594476,466.29,-0.624524,-0.481285,121.203492,126.434597
736,03_0736.JPG,2018-10-23T09:47:20,32.30951406,119.8602612,466.24,1.713144,1.35218,122.710371,127.253926
737,03_0737.JPG,2018-10-23T09:47:24,32.30898694,119.8610633,466.02,-1.100079,1.014135,121.598833,127.259656
738,03_0738.JPG,2018-10-23T09:47:28,32.30846554,119.861854,465.96,-0.996947,0.922462,122.372326,127.357059
739,03_0739.JPG,2018-10-23T09:47:32,32.30794988,119.8626676,465.96,-1.203211,1.174563,123.031227,128.033149
740,03_0740.JPG,2018-10-23T09:47:36,32.30742276,119.8634583,466.17,-0.8136,0.784952,121.845205,127.494569
741,03_0741.JPG,2018-10-23T09:47:40,32.30689564,119.8642604,466.29,-0.647442,0.859437,122.166061,127.591971
742,03_0742.JPG,2018-10-23T09:47:44,32.30637998,119.8650626,466.33,0.343775,0.194806,119.375757,126.583566
743,03_0743.JPG,2018-10-23T09:47:48,32.30585286,119.8658533,466.19,-1.317803,0.022918,120.538861,127.265385
744,03_0744.JPG,2018-10-23T09:47:52,32.30532573,119.8666554,466.16,-2.423611,0.068755,120.361244,126.875774
745,03_0745.JPG,2018-10-23T09:47:56,32.3048158,119.8674575,466.35,0.905273,-0.080214,121.822286,127.431543
746,03_0746.JPG,2018-10-23T09:48:00,32.30429441,119.8682597,466.23,1.604282,-0.968299,121.816557,127.580512
747,03_0747.JPG,2018-10-23T09:48:04,32.30377302,119.8690504,465.76,-1.037054,-1.375099,121.329543,127.494569
748,03_0748.JPG,2018-10-23T09:48:08,32.30325736,119.8698754,465.52,1.065701,-0.796411,121.409757,127.460191
749,03_0749.JPG,2018-10-23T09:48:12,32.3027417,119.8706776,465.74,0.618794,0.739116,122.252005,127.632078
750,03_0750.JPG,2018-10-23T09:48:15,32.30222603,119.8714682,465.96,1.592823,1.684496,123.781802,128.004501
751,03_0751.JPG,2018-10-23T09:48:19,32.30168172,119.8722475,466.23,-0.739116,1.856383,124.205791,128.680591
752,03_0752.JPG,2018-10-23T09:48:23,32.30116606,119.8730611,465.93,-0.859437,2.503826,122.544213,127.626349
753,03_0753.JPG,2018-10-23T09:48:27,32.3006504,119.8738747,465.85,1.197482,1.982434,120.504483,126.342923
754,03_0754.JPG,2018-10-23T09:48:31,32.30013474,119.8746654,466.19,-1.461042,2.274642,124.360489,128.514433
755,03_0755.JPG,2018-10-23T09:48:35,32.29959616,119.875456,466.34,-0.974028,2.836141,123.713047,128.634755
756,03_0756.JPG,2018-10-23T09:48:39,32.29909195,119.8762696,466.1,1.873572,3.615364,120.905554,125.792884
757,03_0757.JPG,2018-10-23T09:48:43,32.29857056,119.8770718,466.04,-0.143239,2.572581,123.415109,127.970124
758,03_0758.JPG,2018-10-23T09:48:47,32.29803198,119.877851,465.97,-0.613065,2.515285,123.472405,127.534676
759,03_0759.JPG,2018-10-23T09:48:51,32.29752205,119.8786761,465.93,0.171887,1.100079,121.879582,126.067904
760,03_0760.JPG,2018-10-23T09:48:55,32.29700639,119.8794782,466.41,1.208941,0.67609,124.795937,128.371194
761,03_0761.JPG,2018-10-23T09:49:00,32.29647354,119.8802574,465.86,-0.704738,0.721927,121.919689,126.950259
762,03_0762.JPG,2018-10-23T09:49:04,32.29595787,119.8810596,465.87,0.928192,0.315127,123.191656,127.190901
763,03_0763.JPG,2018-10-23T09:49:08,32.29543648,119.8818732,465.84,0.097403,0.515662,122.802044,127.328411
764,03_0764.JPG,2018-10-23T09:49:12,32.29492082,119.8826753,466.24,-0.928192,0.114592,122.246275,127.047661
765,03_0765.JPG,2018-10-23T09:49:16,32.2943937,119.883466,466.48,-0.504203,0.292208,124.967825,128.737887
766,03_0766.JPG,2018-10-23T09:49:20,32.29386658,119.8842567,466.39,0.859437,0.687549,122.257734,126.915881
767,03_0767.JPG,2018-10-23T09:49:24,32.29335665,119.8850703,466.38,0.320856,1.673037,122.641616,126.996095
768,03_0768.JPG,2018-10-23T09:49:28,32.29283525,119.8858724,466.38,0.458366,0.80787,122.504106,127.185171
