drone_image,features_drone,tile,total_matches,search_tiles,inliers,LG_confidence,median_reproj_error_px,shape_terms,shape_score,overall_confidence,x_meas,y_meas,phi_meas_deg,x_ekf,y_ekf,phi_ekf_deg,dx,dy,dx_ekf,dy_ekf,error,error_pred,ekf_error,time_s
05_0002.JPG,3257,sat_tile_y0_x0,74,1,13,0.267,1.278,"(0.965,0.914,0.980,0.992)",0.934,0.600,643.27691650,346.84002686,94.677,651.11937816,356.95828408,91.146,-6.7753,0.4434,-4.6473,-2.5773,6.7898,9.6056,5.3141,0.1922
05_0003.JPG,2794,sat_tile_y0_x0,18,1,6,0.150,0.000,"(0.953,0.835,0.935,1.000)",0.873,0.512,N/A,N/A,N/A,799.95322035,359.93578268,91.146,N/A,N/A,-24.5451,-9.2069,N/A,26.2151,26.2151,0.1148
05_0004.JPG,2444,N/A,N/A,2,N/A,N/A,N/A,N/A,N/A,N/A,N/A,N/A,N/A,1023.20398362,364.40203056,91.146,N/A,N/A,-24.2505,-11.8160,N/A,26.9760,26.9760,0.1310
05_0005.JPG,2077,sat_tile_y0_x0,170,2,20,0.418,1.679,"(0.945,0.931,0.942,0.979)",0.938,0.678,1306.30957031,192.43255615,100.287,1255.46769651,221.81322008,79.866,-6.5512,40.1613,-20.3468,31.3901,40.6921,44.6466,37.4076,0.1630
05_0006.JPG,2194,sat_tile_y0_x990,40,2,6,0.155,0.583,"(0.530,0.974,0.307,0.876)",0.453,0.304,N/A,N/A,N/A,1410.32425274,194.13468729,79.866,N/A,N/A,-38.6103,41.5668,N/A,56.7323,56.7323,0.1606
05_0007.JPG,1766,sat_tile_y0_x0,15,2,4,0.276,0.000,"(0.000,0.978,0.003,0.041)",0.103,0.189,N/A,N/A,N/A,1642.60908708,152.61688811,79.866,N/A,N/A,-35.8542,52.6857,N/A,63.7284,63.7284,0.1246
05_0008.JPG,1825,sat_tile_y0_x990,251,2,33,0.348,1.728,"(0.994,0.926,0.996,0.996)",0.947,0.648,2016.22302246,283.05090332,104.701,1929.76679816,250.98820569,88.659,5.2404,14.3840,-18.2188,23.9560,15.3089,81.9857,30.0967,0.1598
05_0009.JPG,1821,sat_tile_y0_x990,326,2,40,0.538,1.956,"(0.967,0.926,0.978,0.995)",0.942,0.740,2290.62658691,384.92843628,106.469,2244.01790824,335.68040371,94.305,20.5785,-14.1168,7.9315,0.5857,24.9551,28.6859,7.9531,0.1705
05_0010.JPG,1868,sat_tile_y0_x990,36,2,6,0.342,0.000,"(0.561,0.746,0.537,0.998)",0.607,0.474,N/A,N/A,N/A,2420.81983015,348.99079743,94.305,N/A,N/A,-4.3774,-2.1123,N/A,4.8604,4.8604,0.1430
05_0011.JPG,2431,sat_tile_y0_x1980,25,2,9,0.171,1.199,"(0.998,0.945,0.970,0.994)",0.958,0.564,N/A,N/A,N/A,2686.02271302,368.95638800,94.305,N/A,N/A,8.4641,-8.7106,N/A,12.1456,12.1456,0.1522
05_0012.JPG,2314,sat_tile_y0_x1980,527,2,77,0.597,1.951,"(0.918,0.911,0.952,0.990)",0.924,0.760,2891.02014160,450.04162598,102.841,2879.34333626,428.98707098,96.394,3.8059,-31.6419,0.6375,-25.3564,31.8700,12.0390,25.3644,0.1769
05_0013.JPG,2394,sat_tile_y0_x1980,388,2,72,0.678,1.826,"(0.966,0.906,0.971,0.996)",0.927,0.803,3113.19750977,248.50595093,100.960,3084.34308280,342.73968001,91.206,3.8093,27.2485,-4.0201,-0.8839,27.5134,34.5030,4.1162,0.1907
05_0014.JPG,2217,sat_tile_y0_x2970,206,2,32,0.621,2.036,"(0.955,0.859,0.960,0.984)",0.891,0.756,3376.11093140,280.53735352,103.788,3364.07980843,320.04115103,90.088,16.0296,17.6859,12.7650,5.8925,23.8691,11.0659,14.0594,0.1925
05_0015.JPG,2092,sat_tile_y0_x1980,356,2,55,0.526,2.109,"(0.905,0.923,0.950,0.984)",0.919,0.723,3494.46264648,451.12081909,102.856,3530.25858229,367.13015238,92.519,-12.1394,-31.3263,-2.4264,-6.2518,33.5961,7.9649,6.7062,0.1905
05_0016.JPG,2277,sat_tile_y0_x2970,231,2,33,0.556,1.555,"(0.993,0.966,0.986,0.995)",0.973,0.765,3810.86834717,379.05471802,99.373,3804.52654228,377.49760718,92.026,13.4323,-9.1739,11.7115,-8.7090,16.2661,14.1294,14.5947,0.1885
05_0017.JPG,2665,sat_tile_y0_x2970,202,3,29,0.353,2.143,"(0.913,0.952,0.917,0.991)",0.925,0.639,4032.40112305,366.68719482,101.483,3996.79757248,378.75745946,91.718,13.2709,-6.1196,3.6101,-9.7230,14.6139,11.2704,10.3716,0.2066
05_0018.JPG,3104,sat_tile_y0_x2970,681,2,78,0.507,1.855,"(0.949,0.912,0.972,0.999)",0.931,0.719,4274.47949219,406.54669189,100.512,4271.48718137,393.89148839,91.910,19.8377,-18.6570,19.0258,-14.8790,27.2327,22.6237,24.1529,0.2155
05_0019.JPG,3517,sat_tile_y0_x2970,912,2,124,0.650,2.222,"(0.987,0.888,0.986,0.998)",0.919,0.686,4476.82250977,328.29861450,100.957,4460.32746058,375.89328141,90.684,14.4592,4.7030,9.9834,-9.5058,15.2048,18.6104,13.7851,0.2137
05_0020.JPG,3883,sat_tile_y0_x2970,886,2,148,0.755,1.965,"(0.992,0.852,0.994,0.996)",0.894,0.736,4613.95886230,400.36917114,99.221,4634.50313429,385.08542238,90.821,-8.6127,-16.8128,-3.0381,-12.2500,18.8904,10.1774,12.6211,0.2151
05_0021.JPG,4364,sat_tile_y0_x3960,1184,3,211,0.739,2.017,"(0.933,0.890,0.955,0.998)",0.912,0.733,4785.25915527,401.71466064,96.158,4869.26692753,391.13629857,90.393,-21.2510,-18.4902,1.5439,-15.3322,28.1690,18.9496,15.4097,0.2523
05_0022.JPG,4837,sat_tile_y0_x3960,1092,2,172,0.713,1.957,"(0.999,0.884,0.996,1.000)",0.918,0.729,5034.98315430,254.63951111,99.007,5043.77940109,345.12896075,88.122,-13.7730,24.7795,-11.3862,-2.2351,28.3499,19.3858,11.6035,0.2200
05_0023.JPG,4859,sat_tile_y0_x4950,746,2,110,0.665,1.815,"(0.981,0.956,0.978,0.999)",0.965,0.740,5253.35696411,294.96020508,106.124,5230.50246557,328.82231566,88.517,-14.8016,14.0179,-21.0030,3.9088,20.3860,23.5339,21.3637,0.2194
05_0024.JPG,4279,sat_tile_y0_x4950,816,2,115,0.680,2.031,"(0.998,0.945,0.993,0.999)",0.960,0.728,5443.12744141,351.94982910,106.273,5481.82240627,336.22807400,89.948,-23.5815,-1.7199,-13.0818,2.9736,23.6441,11.2776,13.4156,0.2196
05_0025.JPG,3281,sat_tile_y0_x3960,653,2,84,0.693,1.847,"(0.946,0.866,0.964,0.992)",0.896,0.721,5713.31860352,421.53002930,104.178,5673.97279838,365.06659407,91.606,-10.5498,-21.2166,-21.2260,-4.3601,23.6947,25.7692,21.6692,0.2087
05_0026.JPG,3240,sat_tile_y0_x3960,378,3,51,0.619,1.778,"(0.972,0.816,0.938,0.995)",0.862,0.740,5942.77539062,445.34979248,104.149,5941.81377208,399.87629163,93.032,-8.5712,-28.9655,-8.8321,-15.3899,30.2071,11.4975,17.7442,0.2557
05_0027.JPG,3429,sat_tile_y0_x5940,372,2,60,0.713,1.990,"(0.960,0.932,0.980,0.994)",0.945,0.829,6222.62655640,148.98912048,103.050,6157.90116147,303.46961575,88.371,8.2450,57.5959,-9.3178,11.4776,58.1831,28.0912,14.7836,0.2267
05_0028.JPG,4068,sat_tile_y0_x4950,866,2,150,0.627,2.003,"(0.984,0.916,0.983,0.997)",0.938,0.699,6401.82458496,342.47637939,104.790,6354.77544936,312.04003980,89.405,-3.4137,-0.1675,-16.1801,8.9190,3.4178,24.0037,18.4755,0.2517
05_0029.JPG,5022,sat_tile_y0_x5940,1330,2,268,0.650,2.049,"(0.987,0.908,0.992,0.998)",0.933,0.704,6619.78192139,383.60559082,105.929,6627.64872921,335.25445716,91.069,-3.3920,-10.5325,-1.2574,3.9022,11.0652,11.6972,4.0997,0.2758
05_0030.JPG,5601,sat_tile_y0_x5940,1471,2,263,0.594,2.012,"(0.996,0.914,0.994,0.997)",0.938,0.686,6852.67663574,385.29031372,104.822,6821.80278141,353.41582462,91.919,-0.4805,-10.3976,-8.8579,-0.8818,10.4087,12.2585,8.9017,0.2593
05_0031.JPG,5746,sat_tile_y0_x5940,1569,2,327,0.645,1.916,"(0.974,0.923,0.961,0.995)",0.939,0.713,7131.11218262,344.10671997,96.574,7040.43181935,350.12415059,90.660,14.7882,1.2594,-9.8172,-0.5370,14.8418,19.3438,9.8319,0.2945
05_0032.JPG,5460,sat_tile_y0_x5940,1335,2,254,0.684,2.054,"(0.917,0.904,0.914,0.991)",0.915,0.709,7389.12133789,275.62316895,98.672,7342.42649283,324.28457819,88.933,25.6777,19.7908,13.0074,5.2635,32.4195,8.4579,14.0320,0.3101
05_0033.JPG,4889,sat_tile_y0_x7413,755,3,125,0.648,1.723,"(0.905,0.906,0.949,0.980)",0.917,0.721,7533.05361938,480.57067871,98.560,7532.87904589,371.69268355,90.877,4.4600,-40.1182,4.4127,-7.6139,40.3653,8.7795,8.8002,0.3804
05_0034.JPG,4738,sat_tile_y0_x7413,1219,3,179,0.732,1.943,"(0.912,0.928,0.947,0.978)",0.923,0.740,7786.11660767,470.15896606,99.654,7741.49394496,404.13549007,91.843,12.8441,-37.0099,0.7360,-17.2993,39.1753,9.4645,17.3150,0.3572
05_0035.JPG,4888,sat_tile_y0_x5940,383,3,60,0.708,1.619,"(0.952,0.840,0.962,0.966)",0.876,0.792,8046.70874023,336.84982300,100.756,7969.82674635,382.79305925,90.370,24.4345,1.5123,3.5731,-12.2035,24.4812,21.3407,12.7159,0.3387
05_0036.JPG,4737,sat_tile_y0_x6930,938,2,168,0.664,1.745,"(0.987,0.914,0.980,0.988)",0.935,0.733,8253.06127930,320.59457397,106.714,8261.05475262,367.26001261,90.268,20.1439,7.0030,22.3129,-6.9285,21.3265,26.1775,23.3638,0.2785
05_0037.JPG,4675,sat_tile_y0_x7413,725,2,125,0.478,1.815,"(0.999,0.909,0.998,0.990)",0.935,0.653,8466.53955078,368.96679688,102.042,8459.20633636,368.57314435,90.315,17.7869,-6.1623,15.7971,-6.0448,18.8241,16.3125,16.9141,0.3110
05_0038.JPG,4303,sat_tile_y0_x7413,270,2,40,0.360,1.860,"(0.932,0.903,0.956,0.988)",0.920,0.640,8650.53076172,404.09448242,101.845,8654.26493399,378.89957907,90.736,8.5922,-16.0114,9.6054,-8.4897,18.1711,11.4477,12.8195,0.3033
05_0039.JPG,3681,sat_tile_y0_x7413,48,2,10,0.204,1.478,"(0.123,0.998,0.225,0.909)",0.299,0.252,8929.17163086,289.62396240,101.567,8945.95519870,367.62920315,90.027,23.9166,16.2489,28.4707,-7.0387,28.9142,31.3209,29.3279,0.2298
05_0040.JPG,3199,sat_tile_y0_x7413,68,1,15,0.290,1.756,"(0.409,0.504,0.080,0.374)",0.185,0.237,N/A,N/A,N/A,9043.85468332,367.67496974,90.027,N/A,N/A,10.9888,-7.0523,N/A,13.0571,13.0571,0.1572
05_0042.JPG,3917,sat_tile_y0_x7413,726,4,69,0.456,2.039,"(0.994,0.887,0.996,0.972)",0.917,0.687,8832.82812500,823.08312988,-98.716,8838.28850882,838.42318384,-97.057,-5.7056,8.7913,-4.2240,4.2117,10.4805,14.6597,5.9649,0.3862
05_0043.JPG,4124,sat_tile_y0_x7413,447,2,38,0.416,1.607,"(0.973,0.915,0.982,0.972)",0.933,0.675,8697.11120605,858.53723145,-96.953,8655.18464438,862.41923964,-97.101,17.7516,-2.4310,6.3750,-3.5899,17.9173,5.9702,7.3163,0.2726
05_0044.JPG,4843,sat_tile_y0_x7413,1156,4,128,0.567,1.910,"(0.986,0.910,0.986,0.983)",0.933,0.680,8354.73162842,831.20587158,-95.790,8401.93734056,850.97099309,-92.303,-16.0316,4.4527,-3.2225,-1.4479,16.6384,14.6332,3.5328,0.4171
05_0045.JPG,5061,sat_tile_y0_x6930,1585,2,244,0.656,2.021,"(0.957,0.910,0.962,0.979)",0.927,0.705,8115.94384766,730.03253174,-100.780,8149.11564657,781.40411469,-85.244,-20.5421,33.3811,-11.5411,18.0447,39.1954,6.5783,21.4198,0.2976
05_0046.JPG,5068,sat_tile_y0_x6930,1451,3,198,0.600,2.082,"(0.995,0.935,0.997,0.987)",0.953,0.689,7917.31481934,881.38732910,-101.193,7919.40139735,827.21856697,-90.509,-14.1559,-9.2526,-13.5897,6.9188,16.9115,29.4421,15.2496,0.3753
05_0047.JPG,5359,sat_tile_y0_x6930,1670,3,285,0.674,2.069,"(0.990,0.924,0.993,0.988)",0.944,0.716,7682.83264160,798.50286865,-98.408,7686.62339970,813.03998710,-89.378,-18.6615,15.4915,-17.6329,11.1517,24.2537,17.9873,20.8633,0.4069
05_0048.JPG,5984,sat_tile_y0_x5940,1999,3,449,0.725,2.000,"(0.998,0.932,0.998,0.995)",0.951,0.744,7408.85205078,843.15386963,-101.061,7393.19650363,828.65646907,-90.743,-32.7216,2.1615,-36.9696,6.4895,32.7929,42.4991,37.5349,0.4038
05_0049.JPG,6218,sat_tile_y0_x5940,2101,2,524,0.770,1.939,"(0.949,0.923,0.970,0.994)",0.938,0.761,7182.35937500,937.82012939,-100.649,7172.82500784,883.82590772,-93.682,-33.9061,-26.1000,-36.4932,-9.9807,42.7882,38.9142,37.8334,0.3265
05_0050.JPG,6220,sat_tile_y0_x5940,2102,3,500,0.731,1.929,"(0.932,0.898,0.934,0.991)",0.914,0.737,6894.92749023,816.12200928,-102.788,6927.03666813,864.51950925,-92.204,-52.7693,8.3180,-44.0566,-6.1305,53.4208,41.9775,44.4811,0.4030
05_0051.JPG,5792,sat_tile_y0_x5940,1941,2,416,0.729,1.999,"(0.968,0.919,0.977,0.994)",0.937,0.740,6780.44750977,771.27972412,-106.024,6727.78768990,834.12669937,-90.983,-23.5596,21.7051,-37.8486,2.9429,32.0338,46.8934,37.9629,0.2902
05_0053.JPG,4062,sat_tile_y990_x3960,305,4,65,0.687,1.779,"(0.919,0.961,0.949,0.998)",0.934,0.811,5297.29296875,938.91262054,-99.353,5302.54007617,932.46876343,-104.427,-6.3498,-27.0640,-4.9261,-25.1403,27.7989,18.6254,25.6183,0.3491
05_0054.JPG,4405,sat_tile_y0_x4950,734,4,124,0.687,2.024,"(0.993,0.945,0.997,0.998)",0.960,0.731,5091.31831360,788.29278564,-107.381,5083.02923021,868.50569118,-89.837,-1.9668,17.2639,-4.2160,-6.6827,17.3756,42.1174,7.9015,0.3022
05_0055.JPG,4036,sat_tile_y0_x2970,658,2,105,0.621,1.812,"(0.956,0.904,0.972,0.981)",0.923,0.706,4850.00122070,910.58203125,-97.128,4861.46634540,892.33520927,-92.211,-7.1638,-16.6927,-4.0527,-11.2453,18.1649,4.5881,11.9533,0.2324
05_0056.JPG,3945,sat_tile_y0_x3960,1078,4,142,0.559,2.083,"(0.967,0.907,0.976,0.994)",0.928,0.662,4606.80102539,734.20062256,-100.564,4627.78170168,808.46745129,-83.472,-14.0350,34.0504,-8.3420,11.8789,36.8295,16.1344,14.5154,0.2900
05_0057.JPG,3152,sat_tile_y0_x2970,620,2,71,0.483,1.930,"(0.999,0.911,0.969,0.998)",0.934,0.709,4392.46826172,865.95300293,-98.299,4402.09264266,829.24240390,-86.835,-11.9099,-5.2828,-9.2983,5.6768,13.0289,20.6761,10.8942,0.2163
05_0058.JPG,2919,sat_tile_y0_x2970,535,2,72,0.512,2.080,"(1.000,0.912,0.964,0.996)",0.934,0.723,4204.48400879,798.60009766,-99.249,4191.12276688,807.25967711,-86.093,-2.6351,14.1868,-6.2606,11.6016,14.4294,12.5406,13.1830,0.2232
05_0059.JPG,2712,sat_tile_y0_x2970,92,3,11,0.270,1.780,"(0.897,0.935,0.950,0.991)",0.915,0.593,3998.50537109,912.84533691,-101.365,3980.39694466,838.07182745,-88.959,1.7569,-18.6441,-3.1567,3.6787,18.7267,18.1527,4.8475,0.1775
05_0060.JPG,2609,sat_tile_y0_x2970,69,2,12,0.221,1.907,"(0.949,0.814,0.969,1.000)",0.861,0.541,3810.52301025,825.02661133,-98.577,3777.42386542,830.38136288,-88.595,9.8688,7.5732,0.8875,5.9746,12.4397,5.7279,6.0401,0.1591
05_0061.JPG,2593,sat_tile_y0_x2970,454,2,34,0.547,1.575,"(0.931,0.934,0.952,0.987)",0.939,0.743,3615.22100830,923.60949707,-94.026,3586.19660355,871.39462291,-90.096,17.1478,-21.2197,9.2721,-5.6316,27.2823,8.6732,10.8483,0.1925
05_0062.JPG,2460,sat_tile_y0_x1980,563,2,74,0.673,2.136,"(0.988,0.935,0.994,0.989)",0.951,0.812,3339.64074707,732.54675293,-96.800,3400.22977863,806.92384585,-86.571,2.6537,34.5441,19.0942,12.3397,34.6459,32.1884,22.7345,0.1855
05_0063.JPG,2617,sat_tile_y0_x1980,654,2,89,0.617,1.810,"(0.997,0.938,0.995,0.993)",0.955,0.717,3058.41577148,815.14520264,-94.303,3143.00642002,800.07084780,-86.572,-14.5355,9.2474,8.4178,13.7477,17.2278,24.6482,16.1202,0.1710
05_0064.JPG,2567,sat_tile_y0_x1980,570,3,77,0.541,2.195,"(0.969,0.916,0.983,0.990)",0.936,0.739,2828.89123535,905.59698486,-98.134,2888.19025613,831.67747776,-89.018,-16.5326,-16.4802,-0.4420,5.5877,23.3435,20.6032,5.6051,0.1974
05_0065.JPG,2450,sat_tile_y0_x990,568,2,60,0.530,1.998,"(0.842,0.914,0.903,0.975)",0.868,0.699,2555.88928223,909.80035400,-92.656,2627.39418620,853.57347443,-89.697,-30.3271,-17.7350,-10.9245,-0.9491,35.1320,7.1320,10.9656,0.1984
05_0066.JPG,2175,sat_tile_y0_x1980,485,2,54,0.535,1.877,"(0.940,0.885,0.931,0.981)",0.905,0.720,2310.85485840,748.62164307,-94.885,2366.72270241,812.22411856,-87.433,-37.6960,27.8316,-22.5365,8.8438,46.8570,15.5263,24.2096,0.1884
05_0067.JPG,2326,sat_tile_y0_x990,575,2,68,0.542,1.762,"(0.863,0.939,0.937,0.979)",0.890,0.716,2192.06909180,929.23504639,-97.012,2149.22393758,848.98215692,-89.713,-9.6445,-23.5370,-21.2704,0.4215,25.4364,30.4392,21.2746,0.1701
05_0068.JPG,2310,sat_tile_y0_x990,567,2,62,0.556,1.891,"(0.946,0.931,0.971,0.983)",0.942,0.749,1932.93798828,851.48175049,-95.977,1920.92584954,848.18900838,-89.497,-19.6752,-0.9625,-22.9347,0.0205,19.6988,24.6642,22.9347,0.1847
05_0069.JPG,2510,sat_tile_y0_x990,431,2,72,0.434,2.170,"(0.950,0.915,0.962,0.984)",0.930,0.682,1702.06323242,801.95294189,-97.029,1691.53514330,831.41275426,-88.798,-23.2020,13.8237,-26.0588,5.0288,27.0079,27.2463,26.5396,0.1925
05_0070.JPG,3078,sat_tile_y0_x990,190,2,31,0.305,1.770,"(0.986,0.942,0.988,0.965)",0.954,0.629,1463.79403687,873.39428711,-96.093,1459.82762693,840.45569289,-89.363,-27.5719,-6.8664,-28.6482,2.9670,28.4141,29.8904,28.8014,0.2120
05_0071.JPG,3304,N/A,N/A,2,N/A,N/A,N/A,N/A,N/A,N/A,N/A,N/A,N/A,1226.91941450,837.86546770,-89.363,N/A,N/A,-31.5735,3.1024,N/A,31.7256,31.7256,0.1519
05_0072.JPG,3477,N/A,N/A,2,N/A,N/A,N/A,N/A,N/A,N/A,N/A,N/A,N/A,994.01120206,835.27524251,-89.363,N/A,N/A,-34.4887,3.8757,N/A,34.7058,34.7058,0.1630
05_0073.JPG,3591,sat_tile_y0_x0,94,1,11,0.394,0.899,"(0.025,0.796,0.112,0.999)",0.208,0.301,861.55761719,866.40124512,-104.557,844.03630416,848.24514644,-90.421,-11.3093,-4.7787,-16.0637,0.6416,12.2775,18.2093,16.0765,0.1554
05_0074.JPG,3183,sat_tile_y0_x0,526,1,62,0.390,1.869,"(0.988,0.954,0.986,0.987)",0.964,0.677,632.58514404,751.34582520,-99.650,621.05823557,800.51421162,-88.682,-13.1566,27.6561,-16.2844,12.9775,30.6261,18.8706,20.8230,0.1675
05_0075.JPG,2795,sat_tile_y0_x0,546,1,70,0.593,1.695,"(0.892,0.926,0.943,0.979)",0.909,0.751,366.46203613,891.83428955,-96.963,379.72928576,841.21310533,-90.378,-25.0845,-13.6472,-21.4845,1.4652,28.5566,24.0928,21.5344,0.1503
05_0077.JPG,3019,N/A,N/A,2,N/A,N/A,N/A,N/A,N/A,N/A,N/A,N/A,N/A,662.85608546,1398.91555544,102.880,N/A,N/A,-1.4627,-16.4193,N/A,16.4843,16.4843,0.1662
05_0078.JPG,3108,N/A,N/A,2,N/A,N/A,N/A,N/A,N/A,N/A,N/A,N/A,N/A,804.51402848,1431.30830359,102.880,N/A,N/A,-23.3081,-24.8141,N/A,34.0442,34.0442,0.1723
05_0079.JPG,3077,sat_tile_y990_x990,11,4,4,0.167,0.000,"(0.000,0.634,0.000,0.000)",0.063,0.115,N/A,N/A,N/A,946.17197150,1463.70105174,102.880,N/A,N/A,-45.1536,-31.9331,N/A,55.3043,55.3043,0.2069
05_0080.JPG,2955,N/A,N/A,4,N/A,N/A,N/A,N/A,N/A,N/A,N/A,N/A,N/A,1158.65888603,1512.29017396,102.880,N/A,N/A,-47.7797,-47.7145,N/A,67.5246,67.5246,0.2306
05_0081.JPG,2880,sat_tile_y990_x0,49,6,9,0.266,1.046,"(0.920,0.716,0.628,0.930)",0.696,0.481,N/A,N/A,N/A,1300.31682905,1544.68292211,102.880,N/A,N/A,-68.4618,-58.6607,N/A,90.1560,90.1560,0.2951
05_0082.JPG,2568,sat_tile_y0_x990,412,6,47,0.412,1.855,"(0.999,0.895,0.996,0.972)",0.923,0.668,1840.58203125,1253.02551270,97.568,1799.11168485,1260.49257863,85.098,17.8647,27.7723,6.6118,25.5431,33.0220,102.4652,26.3850,0.3065
05_0083.JPG,2463,sat_tile_y990_x990,290,6,41,0.362,1.709,"(0.995,0.932,0.992,0.961)",0.947,0.655,2026.22753906,1397.89083862,101.735,1989.39712488,1330.45038178,89.784,7.9553,-14.8377,-2.0386,5.2959,16.8358,32.1508,5.6747,0.2907
05_0084.JPG,2741,sat_tile_y990_x990,435,4,42,0.404,2.076,"(0.967,0.910,0.966,0.961)",0.927,0.665,2324.44091797,1355.22073364,99.798,2270.11320140,1342.25622874,90.567,29.7544,-1.4611,15.0126,2.4093,29.7902,7.6390,15.2047,0.2812
05_0085.JPG,2649,sat_tile_y0_x990,325,4,42,0.396,1.799,"(0.962,0.928,0.950,0.971)",0.938,0.667,2499.85595703,1340.85302734,88.972,2458.93454119,1341.05895209,89.735,17.0689,2.1903,5.9649,2.1288,17.2089,1.3151,6.3334,0.2706
05_0086.JPG,2767,sat_tile_y0_x1980,552,4,67,0.557,1.981,"(0.987,0.882,0.985,0.966)",0.911,0.734,2582.15789795,1221.65759277,96.535,2657.80390196,1279.45728011,85.824,-19.7193,35.8611,0.8071,18.6057,40.9252,15.5494,18.6232,0.3027
05_0087.JPG,2922,sat_tile_y0_x1980,43,4,9,0.163,0.212,"(0.994,0.991,0.961,0.880)",0.911,0.537,N/A,N/A,N/A,2818.43565115,1267.72965197,85.824,N/A,N/A,-15.8898,26.5719,N/A,30.9605,30.9605,0.2133
05_0088.JPG,2928,sat_tile_y0_x990,14,6,5,0.203,0.233,"(0.000,0.957,0.000,0.000)",0.096,0.149,N/A,N/A,N/A,2979.06740035,1256.00202383,85.824,N/A,N/A,-32.5866,32.6245,N/A,46.1113,46.1113,0.2338
05_0089.JPG,2971,sat_tile_y990_x1980,58,4,7,0.196,0.113,"(0.900,0.880,0.896,0.912)",0.887,0.541,N/A,N/A,N/A,3139.69914955,1244.27439570,85.824,N/A,N/A,-48.1201,34.8499,N/A,59.4144,59.4144,0.1954
05_0090.JPG,2805,sat_tile_y0_x1980,57,4,7,0.332,0.000,"(0.954,0.856,0.971,0.983)",0.890,0.611,N/A,N/A,N/A,3380.64677335,1226.68295349,85.824,N/A,N/A,-43.0234,37.5502,N/A,57.1054,57.1054,0.2080
05_0091.JPG,2668,sat_tile_y990_x2970,210,4,16,0.418,0.958,"(0.985,0.884,0.984,0.991)",0.915,0.666,3736.38421631,1301.58728027,87.408,3661.25008274,1274.34178478,87.634,-6.7786,14.5505,-27.1662,22.6843,16.0520,72.1094,35.3918,0.2072
05_0092.JPG,2779,sat_tile_y990_x2970,327,4,32,0.394,1.881,"(0.977,0.924,0.981,0.986)",0.941,0.667,3850.11944580,1328.39849854,95.515,3841.41321617,1297.51566530,89.030,-35.0375,6.5463,-37.3999,15.7660,35.6438,46.4963,40.5872,0.1969
05_0093.JPG,2343,sat_tile_y990_x3960,243,6,30,0.563,1.902,"(0.983,0.919,0.981,0.986)",0.938,0.751,4153.26409912,1370.13836670,96.909,4073.49425012,1330.22128855,90.868,-14.2169,-5.2768,-35.8624,6.6400,15.1646,54.4966,36.4719,0.2686
05_0094.JPG,2575,sat_tile_y0_x3960,515,4,53,0.611,1.882,"(0.978,0.908,0.986,0.992)",0.931,0.771,4378.23562622,1261.91198730,94.741,4299.20831698,1303.77749926,89.460,-12.2919,26.3951,-33.7359,13.8966,29.1169,46.5749,36.4860,0.2456
05_0095.JPG,2507,sat_tile_y0_x3960,436,4,51,0.439,1.755,"(0.976,0.894,0.974,0.994)",0.920,0.680,4603.72851562,1311.45227051,94.036,4515.40571200,1304.49860409,89.498,-11.3888,12.2433,-35.3551,14.3192,16.7214,46.5103,38.1448,0.2391
05_0096.JPG,2078,sat_tile_y0_x3960,271,4,55,0.579,1.939,"(0.901,0.932,0.957,0.991)",0.919,0.749,4879.80944824,1464.47778320,100.391,4824.94458075,1369.04629949,93.348,3.2413,-33.4407,-11.6463,-4.9507,33.5974,24.4251,12.6548,0.2119
05_0097.JPG,2963,sat_tile_y0_x3960,739,4,104,0.671,2.019,"(0.942,0.926,0.964,0.998)",0.939,0.716,5163.86767578,1240.71740723,103.128,5057.91835653,1335.37608491,91.744,21.1994,31.4468,-7.5498,3.1875,37.9251,21.6630,8.1951,0.2970
05_0098.JPG,3111,sat_tile_y990_x4950,455,4,79,0.722,1.747,"(0.916,0.917,0.928,0.999)",0.926,0.824,5356.10659790,1282.17053223,100.195,5290.32599993,1317.97536464,91.006,13.0791,19.7093,-4.7704,9.0202,23.6541,14.9955,10.2039,0.3092
05_0099.JPG,2618,sat_tile_y990_x4950,590,4,114,0.763,1.895,"(0.862,0.945,0.914,0.985)",0.888,0.742,5440.29962158,1526.03552246,106.439,5476.26043569,1390.29625622,95.244,-24.3493,-49.2666,-14.5914,-8.7432,54.9553,16.0899,17.0103,0.2878
05_0100.JPG,3224,sat_tile_y990_x4950,755,4,140,0.800,2.031,"(0.961,0.918,0.973,0.993)",0.935,0.765,5712.88348389,1437.34561157,97.385,5684.68527813,1416.28073072,95.212,-10.6681,-22.7892,-18.3197,-16.5006,25.1626,25.6229,24.6552,0.3029
05_0101.JPG,3537,sat_tile_y990_x4950,890,4,209,0.780,1.887,"(0.995,0.928,0.995,0.998)",0.948,0.773,6038.35095215,1371.18414307,99.256,5927.89947059,1411.86821810,93.888,18.5264,-5.5890,-11.4445,-17.7347,19.3511,33.9647,21.1068,0.2781
05_0102.JPG,4022,sat_tile_y990_x4950,1088,4,224,0.769,1.950,"(0.968,0.928,0.968,0.997)",0.943,0.762,6306.60400391,1368.01748657,102.425,6256.31903676,1410.10461329,93.159,31.0324,-5.9193,17.3876,-18.4839,31.5919,27.6338,25.3769,0.4067
05_0103.JPG,4809,sat_tile_y0_x5940,1553,4,278,0.718,1.881,"(0.990,0.909,0.991,0.997)",0.934,0.743,6452.99969482,1315.64318848,102.862,6460.36246877,1387.69926799,92.014,10.4726,10.3543,12.4704,-11.1572,14.7270,24.9967,16.7331,0.4202
05_0104.JPG,5096,sat_tile_y0_x5940,1619,4,328,0.735,1.866,"(0.993,0.912,0.996,0.997)",0.937,0.752,6635.45635986,1305.12365723,104.091,6657.88520047,1367.68827527,91.376,0.8612,13.4948,6.9473,-5.1832,13.5222,16.2573,8.6677,0.4433
05_0105.JPG,4647,sat_tile_y0_x5940,1514,4,342,0.734,1.918,"(0.944,0.920,0.971,0.995)",0.935,0.747,6860.81616211,1425.68237305,103.580,6862.22910981,1392.53155330,92.765,1.7282,-21.8588,2.1116,-11.9620,21.9270,6.4523,12.1469,0.3960
05_0106.JPG,4616,sat_tile_y990_x5940,1358,4,310,0.777,1.837,"(0.966,0.917,0.974,0.996)",0.936,0.771,7111.06591797,1365.02651978,98.970,7080.07112105,1388.62085911,91.933,9.3490,-4.3885,0.9386,-11.4324,10.3278,15.7627,11.4708,0.4599
05_0107.JPG,4473,sat_tile_y990_x5940,1166,6,284,0.742,1.867,"(0.932,0.926,0.936,0.992)",0.934,0.754,7372.29248047,1254.65509033,103.043,7384.75638376,1349.07266132,90.178,21.1118,27.2858,24.4939,-0.9014,34.4996,30.3337,24.5105,0.6205
05_0108.JPG,4873,sat_tile_y0_x5940,1032,6,194,0.586,1.825,"(0.925,0.922,0.931,0.988)",0.930,0.693,7565.38256836,1318.62316895,106.095,7584.18687509,1344.57705254,90.665,13.2326,8.8268,18.3351,1.0785,15.9064,20.0753,18.3668,0.5925
05_0109.JPG,4930,sat_tile_y0_x7413,513,6,59,0.499,1.969,"(0.968,0.923,0.977,0.976)",0.938,0.719,7742.40270996,1432.12158203,103.911,7776.49461651,1376.68221936,92.429,0.9826,-23.7811,10.2334,-7.2303,23.8014,13.7937,12.5300,0.6799
05_0110.JPG,4906,sat_tile_y990_x6930,1357,4,269,0.648,2.049,"(0.940,0.925,0.957,0.981)",0.935,0.703,7991.82568359,1359.18594360,100.302,7983.11919052,1376.78900491,91.948,9.5425,-2.6449,7.1800,-7.9001,9.9023,12.2209,10.6754,0.5724
05_0111.JPG,5072,sat_tile_y990_x6930,1188,4,204,0.635,1.968,"(0.984,0.931,0.990,0.974)",0.947,0.708,8219.88110352,1372.11550903,103.637,8195.58895618,1381.87891501,92.142,11.1410,-6.5049,4.5493,-9.4196,12.9009,10.2167,10.4607,0.5919
05_0112.JPG,4505,sat_tile_y0_x6930,1147,4,221,0.664,2.022,"(0.951,0.928,0.969,0.975)",0.939,0.713,8444.49670410,1388.40661621,103.678,8485.72806420,1393.56392116,92.458,11.8060,-10.7305,22.9941,-12.2702,15.9539,30.2232,26.0631,0.5313
05_0113.JPG,4033,sat_tile_y0_x6930,804,4,124,0.579,1.907,"(0.895,0.945,0.933,0.969)",0.911,0.677,8681.40966797,1422.13659668,103.505,8686.68510737,1409.54988155,92.961,15.8079,-20.8002,17.2394,-17.0426,26.1255,23.1707,24.2414,0.4969
05_0114.JPG,3327,sat_tile_y0_x7413,723,4,103,0.460,1.991,"(0.946,0.910,0.951,0.957)",0.922,0.627,8915.90832520,1322.22497559,105.985,8895.52668583,1395.65228088,92.220,20.3181,8.3894,14.7876,-13.5315,21.9820,24.5923,20.0443,0.4121
05_0115.JPG,3070,sat_tile_y990_x7413,422,2,62,0.418,1.949,"(0.939,0.920,0.948,0.955)",0.929,0.673,9067.22473145,1327.99298096,103.548,9090.73024426,1381.81127818,91.481,18.4837,6.0295,24.8619,-10.0373,19.4423,31.7114,26.8116,0.2951
05_0117.JPG,4121,sat_tile_y990_x7413,398,6,75,0.397,1.962,"(0.960,0.935,0.968,0.964)",0.944,0.671,8785.16955566,1848.06048584,-97.450,8802.90866158,1857.35058871,-96.376,-18.6380,1.2941,-13.8245,-1.4793,18.6829,13.1713,13.9034,0.6003
05_0118.JPG,5806,sat_tile_y990_x7413,2100,6,472,0.700,2.008,"(0.900,0.879,0.894,0.943)",0.889,0.709,8323.00439453,1825.31072998,-99.931,8448.48140817,1840.76542481,-90.223,-83.7626,8.0858,-49.7141,3.4720,84.1519,16.4663,49.8352,0.8446
05_0119.JPG,5905,sat_tile_y990_x6930,2076,4,451,0.713,1.944,"(0.929,0.920,0.964,0.959)",0.929,0.735,8315.17285156,1940.94897461,-100.421,8221.96585751,1916.03986091,-97.924,-26.7663,-23.8852,-52.0582,-16.4489,35.8739,77.4438,54.5951,0.5374
05_0120.JPG,6232,sat_tile_y990_x7413,2222,6,538,0.720,2.029,"(0.952,0.909,0.958,0.964)",0.923,0.729,8006.93353271,1835.15692139,-96.751,8003.89418435,1879.63631792,-92.191,-50.1228,7.0599,-50.9475,-6.2189,50.6175,57.2475,51.3257,0.7750
05_0121.JPG,6351,sat_tile_y990_x6930,2209,6,540,0.734,1.995,"(0.930,0.919,0.961,0.964)",0.929,0.739,7844.90515137,1917.54956055,-97.214,7811.76300738,1904.17190322,-93.392,-33.8047,-17.5375,-42.7979,-13.5437,38.0831,50.7486,44.8898,0.6893
05_0122.JPG,5633,sat_tile_y990_x6930,1859,9,406,0.617,2.090,"(0.959,0.924,0.980,0.975)",0.938,0.689,7676.67395020,1879.02893066,-94.402,7590.65108337,1900.14250632,-91.978,-20.3331,-7.3133,-43.6756,-13.6165,21.6083,63.7873,45.7490,0.9078
05_0123.JPG,4779,sat_tile_y0_x5940,182,9,39,0.500,1.893,"(0.879,0.900,0.922,0.994)",0.897,0.698,7443.56481934,1827.46044922,-98.808,7411.97323755,1871.88207678,-90.188,-23.3029,7.4440,-31.8753,-5.8175,24.4630,41.0350,32.4019,0.8604
05_0124.JPG,4405,sat_tile_y990_x6930,827,4,168,0.719,1.954,"(0.915,0.930,0.960,0.997)",0.929,0.736,7205.27792358,1732.28173828,-98.445,7211.53868583,1810.81941717,-86.946,-27.6877,35.2206,-25.9889,11.7741,44.8007,25.6009,28.5316,0.5079
05_0125.JPG,4154,sat_tile_y990_x5940,1183,4,209,0.576,1.938,"(0.962,0.913,0.967,0.990)",0.931,0.681,6987.07055664,1882.29187012,-103.257,7005.80053302,1832.52628582,-89.371,-27.7673,-7.0117,-22.6848,7.8453,28.6389,26.5471,24.0031,0.3764
05_0126.JPG,4063,sat_tile_y990_x5940,1138,4,167,0.586,2.053,"(0.905,0.923,0.933,0.987)",0.917,0.671,6737.67974854,1911.78430176,-96.476,6740.50159724,1860.56026023,-90.705,-35.1652,-15.1784,-34.3995,0.1139,38.3012,35.2318,34.3997,0.3678
05_0127.JPG,4017,sat_tile_y990_x5940,1303,4,223,0.670,1.992,"(0.979,0.912,0.981,0.992)",0.934,0.716,6545.94372559,1833.55718994,-96.734,6543.76216739,1850.24784557,-89.816,-26.9083,6.2618,-27.5003,1.2790,27.6273,27.9653,27.5300,0.3996
05_0128.JPG,3706,sat_tile_y990_x4950,1184,4,211,0.735,1.951,"(0.990,0.925,0.992,0.994)",0.945,0.749,6335.51831055,1826.90832520,-98.339,6342.00191188,1840.66573309,-89.434,-24.8862,8.8846,-23.1269,4.7775,26.4246,22.1676,23.6152,0.3424
05_0129.JPG,2974,sat_tile_y990_x5940,819,4,138,0.731,2.048,"(0.997,0.956,0.997,0.995)",0.968,0.750,6173.25137329,1806.56427002,-94.813,6154.06623518,1824.91543086,-88.318,-8.6329,14.3202,-13.8388,8.8417,16.7211,17.3334,16.4221,0.3180
05_0130.JPG,2867,sat_tile_y990_x5940,428,6,62,0.623,2.030,"(0.995,0.931,0.987,0.996)",0.949,0.786,5902.71092224,1826.82214355,-92.653,5896.04160024,1818.53207216,-87.622,-21.7597,7.6346,-23.5694,10.1095,23.0602,26.9134,25.6460,0.3758
05_0131.JPG,2436,sat_tile_y0_x4950,437,4,77,0.680,2.130,"(0.911,0.857,0.939,0.997)",0.885,0.782,5694.41296387,1799.77429199,-95.633,5697.91000603,1806.18587135,-87.393,-17.9969,15.7094,-17.0480,13.7953,23.8888,20.7366,21.9304,0.2730
05_0132.JPG,2063,sat_tile_y990_x4950,428,4,74,0.701,1.941,"(0.976,0.887,0.972,0.989)",0.915,0.808,5466.38500977,1858.66644287,-96.750,5488.48885788,1821.73703775,-88.731,-20.7513,-0.5964,-14.7534,10.4284,20.7599,20.9931,18.0670,0.2324
05_0133.JPG,2001,sat_tile_y990_x3960,214,4,21,0.503,1.555,"(0.972,0.873,0.975,0.988)",0.905,0.704,5240.00744629,1828.80664062,-96.556,5276.36555390,1820.73122152,-88.914,-21.8945,8.3178,-12.0287,10.7287,23.4213,14.3616,16.1181,0.2082
05_0134.JPG,1797,sat_tile_y990_x3960,46,4,8,0.274,1.245,"(0.951,0.905,0.960,0.988)",0.924,0.599,N/A,N/A,N/A,5076.11008059,1816.93491644,-88.914,N/A,N/A,-6.0937,11.2241,N/A,12.7716,12.7716,0.1635
05_0135.JPG,1768,N/A,N/A,4,N/A,N/A,N/A,N/A,N/A,N/A,N/A,N/A,N/A,4875.85460729,1813.13861135,-88.914,N/A,N/A,-0.1485,14.2711,N/A,14.2719,14.2719,0.1468
05_0136.JPG,1866,sat_tile_y990_x3960,154,4,25,0.435,1.625,"(0.822,0.953,0.850,0.994)",0.855,0.645,4655.34777832,1923.21038818,-91.848,4667.44987138,1856.76408426,-90.490,-0.8621,-20.5032,2.4218,-0.6664,20.5213,14.2643,2.5119,0.1965
05_0137.JPG,1846,sat_tile_y990_x3960,245,4,31,0.516,1.629,"(0.996,0.930,0.980,0.984)",0.947,0.731,4411.44311523,1783.21722412,-96.158,4443.31384755,1823.46529952,-88.845,-6.7612,19.3766,1.8869,7.3610,20.5223,8.6759,7.5990,0.2097
05_0138.JPG,2048,sat_tile_y990_x3960,25,4,6,0.131,0.000,"(0.359,0.511,0.226,0.888)",0.334,0.232,N/A,N/A,N/A,4239.12502878,1819.34686049,-88.845,N/A,N/A,6.7647,10.5041,N/A,12.4939,12.4939,0.1607
05_0139.JPG,2100,N/A,N/A,4,N/A,N/A,N/A,N/A,N/A,N/A,N/A,N/A,N/A,4034.93621001,1815.22842146,-88.845,N/A,N/A,11.6425,11.0957,N/A,16.0830,16.0830,0.1593
05_0140.JPG,2462,sat_tile_y990_x2970,51,4,7,0.198,0.000,"(0.973,0.970,0.972,0.982)",0.972,0.585,N/A,N/A,N/A,3830.74739123,1811.10998244,-88.845,N/A,N/A,15.3569,11.6874,N/A,19.2984,19.2984,0.1723
05_0141.JPG,2695,sat_tile_y990_x2970,235,4,30,0.576,2.323,"(0.896,0.906,0.942,0.967)",0.909,0.742,3728.18524170,1878.77947998,-95.900,3686.53266881,1852.87143485,-90.466,47.8012,-6.6010,36.4987,1.1336,48.2548,25.0794,36.5163,0.2494
05_0142.JPG,2584,sat_tile_y990_x1980,83,4,13,0.223,1.006,"(0.209,0.713,0.317,0.697)",0.319,0.271,3415.70751953,1962.99023438,-90.149,3474.84963790,1874.95760904,-90.905,23.2946,-31.1032,39.3429,-4.8221,38.8594,43.2862,39.6373,0.2277
05_0143.JPG,2531,sat_tile_y0_x1980,12,4,4,0.141,0.000,"(0.054,0.960,0.025,0.002)",0.105,0.123,N/A,N/A,N/A,3275.98217787,1878.09819670,-90.905,N/A,N/A,44.5013,-7.0354,N/A,45.0540,45.0540,0.1713
05_0144.JPG,2584,sat_tile_y990_x1980,10,4,5,0.228,0.041,"(0.000,0.100,0.000,0.001)",0.010,0.119,N/A,N/A,N/A,3077.11471784,1881.23878436,-90.905,N/A,N/A,50.8230,-8.6109,N/A,51.5473,51.5473,0.1896
05_0145.JPG,2595,sat_tile_y990_x1980,23,9,6,0.218,0.000,"(0.257,0.128,0.136,0.984)",0.227,0.223,N/A,N/A,N/A,2878.24725782,1884.37937201,-90.905,N/A,N/A,57.1448,-8.2727,N/A,57.7405,57.7405,0.3281
05_0146.JPG,2643,sat_tile_y990_x990,415,6,64,0.359,2.022,"(0.947,0.880,0.932,0.930)",0.897,0.628,2167.92224121,1807.22229004,-93.812,2354.19484973,1831.81773826,-88.280,-76.4818,14.1237,-25.9364,6.7811,77.7750,45.4654,26.8082,0.2908
05_0147.JPG,2527,sat_tile_y990_x990,444,4,75,0.467,2.027,"(0.974,0.922,0.983,0.953)",0.936,0.702,2277.91833496,1918.59405518,-88.156,2200.55000632,1866.29265253,-88.510,13.6506,-17.8493,-7.3434,-2.2353,22.4708,28.7342,7.6761,0.2731
05_0148.JPG,2631,sat_tile_y990_x1980,256,6,43,0.414,2.115,"(0.908,0.914,0.928,0.935)",0.914,0.664,2203.99984741,1708.31896973,-89.609,2062.71923714,1798.88329480,-85.548,53.8774,42.3744,15.5407,15.3375,68.5447,6.9854,21.8347,0.3167
05_0149.JPG,2644,sat_tile_y990_x990,345,4,38,0.390,1.896,"(0.956,0.916,0.950,0.952)",0.927,0.659,1930.44500732,1753.36889648,-94.867,1878.79896202,1774.55251485,-85.573,38.7693,28.9253,24.7550,22.6012,48.3707,27.0591,33.5205,0.2425
05_0150.JPG,2688,sat_tile_y0_x0,13,4,4,0.122,0.000,"(0.000,0.906,0.000,0.000)",0.091,0.106,N/A,N/A,N/A,1741.56374477,1763.92713300,-85.573,N/A,N/A,47.8008,27.6869,N/A,55.2402,55.2402,0.1990
05_0151.JPG,2703,sat_tile_y990_x0,27,4,6,0.211,0.000,"(0.483,0.910,0.565,0.947)",0.580,0.396,N/A,N/A,N/A,1535.71091889,1747.98906021,-85.573,N/A,N/A,52.2169,31.8071,N/A,61.1416,61.1416,0.1880
05_0152.JPG,2281,sat_tile_y990_x990,9,4,4,0.156,0.000,"(0.000,0.282,0.000,0.000)",0.028,0.092,N/A,N/A,N/A,1398.47570163,1737.36367836,-85.573,N/A,N/A,75.2627,34.9792,N/A,82.9941,82.9941,0.1754
05_0153.JPG,1988,sat_tile_y0_x990,18,4,5,0.289,0.068,"(0.517,0.182,0.053,0.000)",0.075,0.182,N/A,N/A,N/A,1192.62287575,1721.42560558,-85.573,N/A,N/A,78.5255,39.7373,N/A,88.0075,88.0075,0.1807
05_0154.JPG,1971,N/A,N/A,4,N/A,N/A,N/A,N/A,N/A,N/A,N/A,N/A,N/A,986.77004986,1705.48753279,-85.573,N/A,N/A,82.9518,43.8576,N/A,93.8322,93.8322,0.1676
05_0155.JPG,2014,N/A,N/A,2,N/A,N/A,N/A,N/A,N/A,N/A,N/A,N/A,N/A,712.29961535,1684.23676908,-85.573,N/A,N/A,68.7585,49.5639,N/A,84.7603,84.7603,0.1122
05_0157.JPG,2204,N/A,N/A,2,N/A,N/A,N/A,N/A,N/A,N/A,N/A,N/A,N/A,666.41290757,2393.43204438,97.861,N/A,N/A,-0.4975,-12.2713,N/A,12.2813,12.2813,0.1345
05_0158.JPG,2125,sat_tile_y990_x0,50,4,5,0.264,0.000,"(0.000,0.024,0.000,0.001)",0.002,0.133,N/A,N/A,N/A,996.90969482,2439.06411411,97.861,N/A,N/A,28.8989,-27.1699,N/A,39.6655,39.6655,0.1585
05_0159.JPG,2299,sat_tile_y990_x990,17,4,5,0.191,0.115,"(0.000,1.000,0.001,0.000)",0.100,0.146,N/A,N/A,N/A,1217.24088631,2469.48549393,97.861,N/A,N/A,28.4014,-36.2519,N/A,46.0525,46.0525,0.1797
05_0160.JPG,2204,sat_tile_y2970_x0,42,6,5,0.208,0.315,"(0.004,0.049,0.002,0.000)",0.005,0.107,N/A,N/A,N/A,1437.57207781,2499.90687375,97.861,N/A,N/A,27.9039,-45.3338,N/A,53.2333,53.2333,0.2349
05_0161.JPG,2309,sat_tile_y1980_x990,121,8,18,0.534,1.504,"(0.821,0.850,0.804,0.963)",0.826,0.680,1743.86779785,2471.28338623,103.505,1749.36952651,2476.22800584,95.659,51.8967,-35.5129,53.3896,-36.9890,62.8842,82.1286,64.9510,0.3560
05_0162.JPG,2518,sat_tile_y990_x990,258,6,51,0.415,1.939,"(0.904,0.913,0.917,0.925)",0.908,0.662,1960.27337646,2363.99291992,100.777,1966.31788060,2421.96740335,91.969,50.3439,-2.8447,51.9842,-20.1523,50.4242,67.9521,55.7537,0.3118
05_0163.JPG,2498,sat_tile_y990_x990,255,4,47,0.499,1.980,"(0.881,0.897,0.896,0.924)",0.888,0.693,2131.54895020,2413.21252441,103.569,2224.36387504,2423.89896614,91.848,36.5349,-16.9008,61.7207,-20.0911,40.2547,84.2773,64.9084,0.2547
05_0164.JPG,2670,sat_tile_y990_x990,283,4,43,0.481,1.867,"(0.974,0.882,0.976,0.966)",0.909,0.695,2330.33557129,2354.98083496,97.997,2396.31207309,2395.35371809,89.688,31.3546,0.4836,49.2576,-11.5692,31.3583,63.7448,50.5980,0.2736
05_0165.JPG,2705,sat_tile_y990_x990,198,4,33,0.422,2.011,"(0.942,0.935,0.947,0.936)",0.937,0.680,2588.94409180,2421.98876953,98.763,2597.14523386,2405.43256147,90.226,41.2438,-18.8830,43.4692,-13.9403,45.3610,45.8627,45.6498,0.2505
05_0166.JPG,2800,sat_tile_y990_x990,21,6,6,0.222,1.172,"(0.000,0.983,0.002,0.023)",0.101,0.161,N/A,N/A,N/A,2903.89802208,2406.64156302,90.226,N/A,N/A,67.5860,-13.6634,N/A,68.9533,68.9533,0.2177
05_0167.JPG,2822,N/A,N/A,4,N/A,N/A,N/A,N/A,N/A,N/A,N/A,N/A,N/A,3108.39988090,2407.44756406,90.226,N/A,N/A,62.7931,-13.9040,N/A,64.3141,64.3141,0.1702
05_0168.JPG,2844,N/A,N/A,4,N/A,N/A,N/A,N/A,N/A,N/A,N/A,N/A,N/A,3312.90173972,2408.25356509,90.226,N/A,N/A,58.0002,-14.7825,N/A,59.8544,59.8544,0.1780
05_0169.JPG,2740,sat_tile_y990_x1980,23,4,5,0.129,0.171,"(0.000,0.596,0.000,0.000)",0.060,0.094,N/A,N/A,N/A,3517.40359853,2409.05956612,90.226,N/A,N/A,54.3707,-15.6610,N/A,56.5813,56.5813,0.1942
05_0170.JPG,2648,sat_tile_y990_x2970,14,4,4,0.290,0.000,"(0.342,0.474,0.000,0.000)",0.082,0.186,N/A,N/A,N/A,3721.90545735,2409.86556715,90.226,N/A,N/A,49.5778,-15.9016,N/A,52.0656,52.0656,0.2244
05_0171.JPG,2894,sat_tile_y1980_x2970,150,6,20,0.484,2.060,"(0.887,0.921,0.941,0.943)",0.901,0.693,3814.14324951,2473.81939697,98.433,3875.37791116,2462.11697895,91.652,14.3215,-33.7185,30.9379,-30.2249,36.6339,74.0634,43.2515,0.2786
05_0172.JPG,2563,sat_tile_y1980_x2970,318,4,48,0.555,1.881,"(0.984,0.932,0.987,0.977)",0.947,0.751,4142.42321777,2359.08529663,95.833,4105.23234946,2405.24584302,89.024,43.1265,-0.1039,33.0346,-13.8845,43.1266,39.3131,35.8339,0.2282
05_0173.JPG,2487,sat_tile_y1980_x2970,344,4,51,0.556,2.132,"(0.899,0.931,0.934,0.968)",0.912,0.734,4185.21740723,2428.37283325,96.211,4255.26642104,2412.00789396,89.160,-4.3831,-22.0646,14.6250,-17.1790,22.4957,29.9627,22.5612,0.2415
05_0174.JPG,2363,sat_tile_y1980_x2970,309,4,53,0.551,1.974,"(0.843,0.924,0.867,0.960)",0.865,0.708,4278.13244629,2399.50057983,101.182,4392.69607686,2407.12181449,89.393,-39.4557,-13.4451,-8.3683,-15.7203,41.6836,17.3160,17.8089,0.2287
05_0175.JPG,2126,sat_tile_y1980_x2970,239,4,37,0.536,1.824,"(0.902,0.925,0.901,0.991)",0.913,0.724,4573.56188965,2327.66580200,96.100,4575.80741511,2378.42386248,87.945,-19.5749,8.6382,-18.9656,-6.5150,21.3962,23.6580,20.0534,0.2466
05_0176.JPG,2022,N/A,N/A,4,N/A,N/A,N/A,N/A,N/A,N/A,N/A,N/A,N/A,4759.72213995,2371.82558599,87.945,N/A,N/A,-29.3449,-3.9073,N/A,29.6039,29.6039,0.1568
05_0177.JPG,1999,sat_tile_y1980_x3960,13,6,5,0.183,0.000,"(0.970,0.825,0.903,0.957)",0.861,0.522,N/A,N/A,N/A,4943.63686478,2365.22730951,87.945,N/A,N/A,-39.7141,-1.2996,N/A,39.7354,39.7354,0.2212
05_0178.JPG,1997,sat_tile_y990_x4950,42,4,5,0.195,0.000,"(0.465,0.524,0.001,0.000)",0.099,0.147,N/A,N/A,N/A,5219.50895203,2355.32989478,87.945,N/A,N/A,-23.9871,-0.2585,N/A,23.9885,23.9885,0.1593
05_0179.JPG,2479,sat_tile_y1980_x3960,407,4,48,0.495,1.828,"(0.901,0.945,0.956,0.982)",0.919,0.707,5493.03417969,2384.23434448,91.627,5445.93654523,2364.30233775,87.873,-10.0400,-9.5254,-22.8202,-3.5749,13.8396,34.3730,23.0985,0.2272
05_0180.JPG,2991,sat_tile_y1980_x4950,771,4,154,0.672,2.058,"(0.978,0.927,0.986,0.990)",0.944,0.716,5815.69647217,2324.79580688,97.879,5703.52434120,2344.08248410,87.579,17.2305,8.2193,-13.2080,2.4615,19.0905,32.1119,13.4354,0.2924
05_0181.JPG,3865,sat_tile_y1980_x4950,1281,6,213,0.762,1.993,"(0.858,0.919,0.907,0.972)",0.881,0.731,6153.67651367,2434.28286743,96.381,6054.26452655,2375.50832870,89.365,49.8210,-23.1911,22.8450,-5.6446,54.9541,10.1848,23.5320,0.4549
05_0182.JPG,4675,sat_tile_y1980_x4950,1501,4,317,0.754,2.093,"(0.767,0.913,0.818,0.951)",0.805,0.691,6444.90161133,2455.31262207,92.285,6311.00062552,2398.52355882,89.919,68.5609,-30.1071,32.2261,-13.1534,74.8801,17.8942,34.8071,0.4325
05_0183.JPG,4524,sat_tile_y1980_x4950,1267,4,291,0.735,2.084,"(0.962,0.916,0.972,0.982)",0.933,0.735,6493.98449707,2360.15725708,98.076,6577.81779876,2383.29392095,89.351,21.5942,-2.3375,44.3428,-9.2446,21.7203,57.4882,45.2962,0.4214
05_0184.JPG,4424,sat_tile_y990_x4950,1148,4,228,0.721,1.995,"(0.945,0.931,0.971,0.981)",0.941,0.739,6610.00793457,2386.98889160,95.004,6727.34194725,2381.69677764,89.092,-6.0443,-8.4341,25.7948,-6.8542,10.3764,40.5428,26.6900,0.4109
05_0185.JPG,4532,sat_tile_y1980_x5940,1384,4,244,0.626,1.926,"(0.927,0.914,0.967,0.971)",0.927,0.700,6854.61096191,2438.49517822,96.750,6973.30562226,2398.36972006,89.974,0.0444,-22.5350,32.2528,-10.5560,22.5351,45.6703,33.9363,0.4535
05_0186.JPG,5026,sat_tile_y990_x5940,1093,4,147,0.549,1.938,"(0.911,0.918,0.954,0.970)",0.922,0.666,7081.52185059,2439.53808594,100.218,7143.35771548,2412.43174460,90.859,1.3323,-22.2085,18.1118,-14.1162,22.2484,25.8688,22.9631,0.5176
05_0187.JPG,5238,sat_tile_y990_x5940,925,4,127,0.429,2.004,"(0.946,0.896,0.964,0.965)",0.915,0.611,7353.48498535,2397.31237793,99.194,7337.19770581,2410.99301208,90.753,16.0088,-9.6025,11.5891,-13.6867,18.6679,18.1712,17.9342,0.4883
05_0188.JPG,5897,sat_tile_y990_x6930,657,6,96,0.448,1.881,"(0.953,0.898,0.956,0.964)",0.916,0.628,7603.04040527,2341.05944824,94.845,7544.96052146,2391.20108891,89.463,23.4515,5.2776,7.6912,-9.6917,24.0380,16.5773,12.3727,0.7229
05_0189.JPG,6566,sat_tile_y990_x6930,786,6,155,0.426,1.876,"(0.966,0.910,0.979,0.953)",0.927,0.624,7808.95086670,2380.21533203,97.172,7826.18264210,2385.93864529,89.360,19.0408,-7.6877,23.7167,-9.3963,20.5342,27.3376,25.5103,0.8540
05_0190.JPG,6653,sat_tile_y990_x6930,2179,4,524,0.638,1.909,"(0.977,0.902,0.978,0.957)",0.923,0.705,8027.33300781,2268.52331543,95.380,8020.16754702,2341.50541226,87.367,19.1778,25.0188,17.2334,3.2308,31.5234,18.9019,17.5337,0.6721
05_0191.JPG,6385,sat_tile_y990_x7413,1253,4,236,0.484,1.853,"(0.970,0.906,0.960,0.947)",0.922,0.647,8251.21203613,2344.68273926,102.254,8221.38275074,2340.19025622,88.324,19.6430,3.5580,11.5487,4.8992,19.9626,11.3213,12.5449,0.6260
05_0192.JPG,5530,sat_tile_y1980_x7413,478,4,115,0.404,1.841,"(0.930,0.924,0.963,0.939)",0.930,0.620,8399.76647949,2482.06002808,99.281,8481.44414593,2379.99698914,90.627,-0.3315,-36.1787,21.8321,-5.7089,36.1802,30.7638,22.5662,0.6593
05_0193.JPG,5014,sat_tile_y990_x7413,692,4,102,0.389,2.005,"(0.983,0.915,0.990,0.944)",0.932,0.602,8639.05297852,2307.12414551,97.759,8662.90545970,2360.02968547,89.615,5.4780,14.7707,11.9505,-1.0237,15.7538,15.9856,11.9942,0.5207
05_0194.JPG,3745,sat_tile_y990_x7413,47,4,6,0.216,0.540,"(0.000,0.916,0.001,0.312)",0.123,0.170,N/A,N/A,N/A,8851.37695030,2358.76211369,89.615,N/A,N/A,2.8076,-0.6452,N/A,2.8808,2.8808,0.3387
05_0195.JPG,3201,sat_tile_y990_x7413,43,2,6,0.123,0.000,"(0.075,0.457,0.148,0.541)",0.167,0.145,N/A,N/A,N/A,9039.84844089,2357.49454191,89.615,N/A,N/A,9.9021,-0.2668,N/A,9.9057,9.9057,0.2010
05_0197.JPG,3052,sat_tile_y1980_x7413,59,6,7,0.268,0.019,"(0.388,0.990,0.413,0.826)",0.495,0.381,N/A,N/A,N/A,8855.50504540,2892.85169999,-97.179,N/A,N/A,0.4477,-10.2046,N/A,10.2145,10.2145,0.4567
05_0198.JPG,3746,sat_tile_y990_x7413,66,6,10,0.222,0.701,"(0.580,0.963,0.486,0.984)",0.593,0.407,N/A,N/A,N/A,8635.02739445,2920.62386366,-97.179,N/A,N/A,0.9055,-17.2200,N/A,17.2438,17.2438,0.5585
05_0199.JPG,4657,sat_tile_y1980_x7413,69,6,16,0.230,1.422,"(0.947,0.902,0.972,0.925)",0.916,0.573,8345.99377441,2885.67999268,-100.320,8362.85500966,2893.99878314,-94.008,-18.4034,-5.5122,-13.8279,-7.9956,19.2111,24.2361,15.9732,0.6557
05_0200.JPG,5873,sat_tile_y1980_x6930,397,6,75,0.364,1.851,"(0.934,0.919,0.940,0.928)",0.923,0.644,8025.21813965,2818.66381836,-95.474,8076.61494942,2848.18410265,-88.921,-45.1622,13.2190,-31.2153,4.4061,47.0570,20.2134,31.5247,0.7344
05_0201.JPG,6282,sat_tile_y990_x7413,25,6,4,0.136,0.000,"(0.000,0.005,0.001,0.000)",0.001,0.068,N/A,N/A,N/A,7844.11843514,2843.80562693,-88.921,N/A,N/A,-34.0189,5.0754,N/A,34.3954,34.3954,0.6812
05_0202.JPG,6242,sat_tile_y1980_x6930,41,9,10,0.230,0.804,"(0.928,0.920,0.939,0.946)",0.925,0.578,7621.55706787,2893.63549805,-97.595,7616.60874867,2875.24219206,-91.322,-35.2900,-9.1629,-36.6327,-3.6718,36.4601,38.6292,36.8163,0.8266
05_0203.JPG,6101,sat_tile_y1980_x6930,707,9,107,0.400,1.974,"(0.988,0.911,0.993,0.954)",0.931,0.608,7468.92382812,2909.24218750,-97.442,7422.21558622,2896.54293809,-92.331,-16.4220,-14.4600,-29.0967,-10.6688,21.8809,39.6560,30.9910,0.8532
05_0204.JPG,6118,sat_tile_y1980_x5940,1474,6,259,0.641,1.965,"(0.995,0.907,0.994,0.960)",0.930,0.705,7223.71875000,2823.74530029,-94.253,7250.88656867,2862.05306322,-89.681,-22.6843,10.4263,-15.3121,-1.0101,24.9657,16.1906,15.3454,0.6875
05_0205.JPG,5634,sat_tile_y1980_x5940,1869,4,342,0.664,1.880,"(0.997,0.899,0.997,0.966)",0.925,0.719,6989.28637695,2812.24597168,-95.698,7008.47759840,2837.76919145,-88.308,-27.1665,13.8593,-21.9589,6.2396,30.4975,18.2537,22.8282,0.5424
05_0206.JPG,5671,sat_tile_y1980_x5940,1954,4,388,0.655,2.014,"(0.950,0.913,0.976,0.963)",0.928,0.706,6799.45831299,2924.62445068,-96.693,6785.78493040,2871.68016521,-90.660,-18.4019,-19.0522,-22.1123,-3.2463,26.4880,25.9711,22.3493,0.4845
05_0207.JPG,5455,sat_tile_y1980_x5940,1818,4,319,0.628,1.906,"(0.967,0.918,0.979,0.970)",0.934,0.706,6568.65698242,2870.40777588,-94.838,6560.76701681,2872.18083051,-90.379,-20.7455,-3.5043,-22.8865,-4.0336,21.0394,24.5903,23.2392,0.4864
05_0208.JPG,5196,sat_tile_y1980_x4950,1781,4,379,0.695,2.118,"(0.949,0.912,0.968,0.966)",0.927,0.714,6340.03369141,2893.07623291,-97.539,6334.89399769,2882.24763527,-90.991,-22.4981,-9.6338,-23.8928,-6.4011,24.4739,24.9984,24.7354,0.4420
05_0209.JPG,4954,sat_tile_y1980_x4950,1671,4,365,0.730,2.024,"(0.960,0.910,0.980,0.964)",0.927,0.735,6188.52624512,2889.50140381,-94.269,6184.65933064,2885.80297241,-90.785,-4.4881,-7.9287,-5.5374,-6.8246,9.1109,8.9336,8.7885,0.4037
05_0210.JPG,4505,sat_tile_y1980_x4950,1484,6,278,0.652,2.046,"(0.956,0.910,0.977,0.967)",0.927,0.702,5949.01275635,2850.18572998,-97.172,5954.20989563,2875.50924620,-90.218,-9.1958,2.5328,-7.7855,-5.0273,9.5382,11.5052,9.2676,0.4439
05_0211.JPG,4038,sat_tile_y1980_x4950,985,4,194,0.606,2.092,"(0.970,0.914,0.986,0.966)",0.932,0.682,5764.90820312,2811.43975830,-96.580,5737.87633457,2853.73561900,-89.145,1.1321,14.0999,-6.2032,1.4730,14.1453,10.8546,6.3757,0.3313
05_0212.JPG,3715,sat_tile_y1980_x4950,514,4,77,0.434,1.665,"(0.903,0.927,0.946,0.935)",0.913,0.674,5546.53942871,2956.43786621,-96.868,5522.26091686,2888.37039916,-91.135,2.1521,-27.9118,-4.4361,-7.5911,27.9947,8.2820,8.7922,0.3241
05_0213.JPG,2951,sat_tile_y1980_x3960,223,4,28,0.312,1.681,"(0.646,0.976,0.753,0.953)",0.720,0.516,5268.80346680,2887.98907471,-96.214,5290.91444976,2891.33810086,-91.024,-14.0810,-8.1151,-8.0810,-9.1149,16.2520,11.4494,12.1813,0.2662
05_0214.JPG,2705,sat_tile_y1980_x4950,30,4,5,0.193,0.000,"(0.000,0.330,0.000,0.000)",0.033,0.113,N/A,N/A,N/A,5065.14144977,2895.37333096,-91.024,N/A,N/A,-9.0702,-9.6817,N/A,13.2667,13.2667,0.1904
05_0215.JPG,2654,sat_tile_y2970_x2970,17,6,5,0.239,0.144,"(0.101,0.309,0.000,0.000)",0.041,0.140,N/A,N/A,N/A,4839.36844977,2899.40856106,-91.024,N/A,N/A,-10.0494,-10.2485,N/A,14.3535,14.3535,0.2271
05_0216.JPG,2188,sat_tile_y1980_x3960,34,6,5,0.311,0.000,"(0.909,0.043,0.046,0.970)",0.223,0.267,N/A,N/A,N/A,4613.59544977,2903.44379117,-91.024,N/A,N/A,-11.0285,-12.7289,N/A,16.8420,16.8420,0.2208
05_0217.JPG,2554,sat_tile_y1980_x2970,37,6,5,0.149,0.050,"(0.970,0.991,0.958,1.000)",0.967,0.558,N/A,N/A,N/A,4387.82244977,2907.47902127,-91.024,N/A,N/A,-13.1711,-14.5715,N/A,19.6419,19.6419,0.2464
05_0218.JPG,2822,sat_tile_y1980_x2970,37,6,7,0.334,0.000,"(0.842,0.965,0.706,0.985)",0.773,0.553,N/A,N/A,N/A,4237.30711644,2910.16917467,-91.024,N/A,N/A,6.2716,-15.3746,N/A,16.6045,16.6045,0.2583
05_0219.JPG,3058,sat_tile_y1980_x2970,43,9,6,0.335,0.956,"(0.000,0.988,0.001,0.000)",0.099,0.217,N/A,N/A,N/A,4011.53411644,2914.20440478,-91.024,N/A,N/A,5.2924,-15.9414,N/A,16.7970,16.7970,0.3278
05_0220.JPG,3068,sat_tile_y2970_x2970,11,6,4,0.197,0.000,"(0.012,0.000,0.000,0.000)",0.001,0.099,N/A,N/A,N/A,3785.76111644,2918.23963488,-91.024,N/A,N/A,3.1499,-17.1461,N/A,17.4330,17.4330,0.2403
05_0221.JPG,3014,sat_tile_y1980_x1980,27,6,5,0.151,0.019,"(0.058,0.554,0.000,0.000)",0.061,0.106,N/A,N/A,N/A,3635.24578311,2920.92978828,-91.024,N/A,N/A,22.5824,-17.9492,N/A,28.8468,28.8468,0.2274
05_0222.JPG,2831,sat_tile_y1980_x1980,51,6,6,0.181,0.122,"(0.000,0.814,0.000,0.007)",0.082,0.131,N/A,N/A,N/A,3409.47278311,2924.96501838,-91.024,N/A,N/A,21.6033,-19.7917,N/A,29.2987,29.2987,0.2297
05_0223.JPG,2926,N/A,N/A,6,N/A,N/A,N/A,N/A,N/A,N/A,N/A,N/A,N/A,3183.69978312,2929.00024849,-91.024,N/A,N/A,19.4607,-20.9964,N/A,28.6281,28.6281,0.2292
05_0224.JPG,2914,sat_tile_y990_x990,15,9,5,0.213,0.034,"(0.373,0.129,0.001,0.523)",0.103,0.158,N/A,N/A,N/A,2957.92678312,2933.03547859,-91.024,N/A,N/A,18.4816,-22.2010,N/A,28.8869,28.8869,0.2863
05_0225.JPG,2789,sat_tile_y990_x990,32,6,4,0.182,0.000,"(0.000,0.994,0.000,0.068)",0.106,0.144,N/A,N/A,N/A,2732.15378312,2937.07070869,-91.024,N/A,N/A,17.5024,-22.7679,N/A,28.7178,28.7178,0.2045
05_0226.JPG,2801,sat_tile_y2970_x1980,51,6,5,0.252,0.116,"(0.965,0.023,0.000,0.041)",0.103,0.178,N/A,N/A,N/A,2506.38078312,2941.10593880,-91.024,N/A,N/A,15.3599,-23.9725,N/A,28.4712,28.4712,0.1930
05_0227.JPG,2786,sat_tile_y1980_x990,69,6,5,0.248,0.142,"(0.000,0.050,0.000,0.000)",0.005,0.126,N/A,N/A,N/A,2280.60778312,2945.14116890,-91.024,N/A,N/A,14.3807,-25.8151,N/A,29.5503,29.5503,0.1871
05_0228.JPG,2761,sat_tile_y990_x990,43,9,5,0.324,0.100,"(0.000,0.400,0.000,0.000)",0.040,0.182,N/A,N/A,N/A,2130.09244979,2947.83132230,-91.024,N/A,N/A,33.8234,-27.2560,N/A,43.4386,43.4386,0.2849
05_0229.JPG,2452,N/A,N/A,9,N/A,N/A,N/A,N/A,N/A,N/A,N/A,N/A,N/A,1829.06178313,2953.21162911,-91.024,N/A,N/A,11.2590,-27.5865,N/A,29.7957,29.7957,0.2291
05_0230.JPG,2121,sat_tile_y990_x0,34,6,4,0.195,0.000,"(0.000,0.305,0.000,0.000)",0.031,0.113,N/A,N/A,N/A,1603.28878313,2957.24685921,-91.024,N/A,N/A,10.2799,-28.1533,N/A,29.9714,29.9714,0.1881
05_0231.JPG,2049,sat_tile_y1980_x990,41,6,5,0.180,0.000,"(0.389,0.543,0.124,0.159)",0.196,0.188,N/A,N/A,N/A,1377.51578313,2961.28208931,-91.024,N/A,N/A,9.2906,-29.3580,N/A,30.7930,30.7930,0.1834
05_0232.JPG,2020,sat_tile_y1980_x990,53,6,5,0.270,0.000,"(0.000,0.086,0.000,0.000)",0.009,0.139,N/A,N/A,N/A,1151.74278313,2965.31731942,-91.024,N/A,N/A,8.3115,-30.5627,N/A,31.6727,31.6727,0.1692
05_0233.JPG,1984,N/A,N/A,6,N/A,N/A,N/A,N/A,N/A,N/A,N/A,N/A,N/A,925.96978314,2969.35254952,-91.024,N/A,N/A,6.1689,-33.0431,N/A,33.6140,33.6140,0.1878
05_0234.JPG,2366,sat_tile_y2970_x990,48,6,5,0.222,0.000,"(0.000,0.178,0.000,0.000)",0.018,0.120,N/A,N/A,N/A,700.19678314,2973.38777962,-91.024,N/A,N/A,5.1898,-33.6099,N/A,34.0082,34.0082,0.1980
05_0235.JPG,2489,sat_tile_y1980_x0,63,3,5,0.219,0.021,"(0.001,0.052,0.004,0.000)",0.006,0.112,N/A,N/A,N/A,474.42378314,2977.42300973,-91.024,N/A,N/A,4.2107,-34.1767,N/A,34.4351,34.4351,0.1230
05_0237.JPG,2018,N/A,N/A,2,N/A,N/A,N/A,N/A,N/A,N/A,N/A,N/A,N/A,661.85741572,3415.77141075,103.774,N/A,N/A,-1.7337,-15.7916,N/A,15.8864,15.8864,0.1247
05_0238.JPG,1943,sat_tile_y1980_x0,55,2,5,0.201,0.259,"(0.022,0.986,0.006,0.050)",0.110,0.156,N/A,N/A,N/A,805.70788216,3451.03557515,103.774,N/A,N/A,-22.9852,-29.5075,N/A,37.4033,37.4033,0.0987
05_0239.JPG,1995,sat_tile_y2970_x990,19,4,5,0.228,0.000,"(0.866,0.104,0.001,0.000)",0.097,0.163,N/A,N/A,N/A,949.55834859,3486.29973954,103.774,N/A,N/A,-44.2366,-38.7594,N/A,58.8147,58.8147,0.1702
05_0240.JPG,2446,sat_tile_y1980_x990,87,4,5,0.279,0.000,"(0.000,0.011,0.000,0.000)",0.001,0.140,N/A,N/A,N/A,1165.33404824,3539.19598612,103.774,N/A,N/A,-45.9704,-50.0871,N/A,67.9852,67.9852,0.1988
05_0241.JPG,2600,sat_tile_y3960_x990,58,6,5,0.302,0.837,"(0.000,0.271,0.000,0.000)",0.027,0.164,N/A,N/A,N/A,1309.18451467,3574.46015051,103.774,N/A,N/A,-66.0584,-61.2526,N/A,90.0866,90.0866,0.1933
05_0242.JPG,2642,sat_tile_y1980_x0,70,6,5,0.305,0.032,"(0.369,0.505,0.405,0.000)",0.128,0.216,N/A,N/A,N/A,1453.03498110,3609.72431490,103.774,N/A,N/A,-87.2998,-72.4182,N/A,113.4269,113.4269,0.2187
05_0243.JPG,2551,N/A,N/A,8,N/A,N/A,N/A,N/A,N/A,N/A,N/A,N/A,N/A,1668.81068075,3662.62056149,103.774,N/A,N/A,-89.0336,-90.1234,N/A,126.6854,126.6854,0.2465
05_0244.JPG,2501,sat_tile_y3960_x0,83,12,5,0.271,0.000,"(0.471,0.998,0.037,0.000)",0.151,0.211,N/A,N/A,N/A,1812.66114719,3697.88472588,103.774,N/A,N/A,-109.1216,-101.2889,N/A,148.8858,148.8858,0.3482
05_0245.JPG,2653,N/A,N/A,12,N/A,N/A,N/A,N/A,N/A,N/A,N/A,N/A,N/A,1956.51161362,3733.14889027,103.774,N/A,N/A,-130.3732,-111.8166,N/A,171.7560,171.7560,0.3187
05_0246.JPG,2731,sat_tile_y3960_x990,58,15,4,0.202,0.000,"(0.019,0.493,0.001,0.000)",0.051,0.127,N/A,N/A,N/A,2172.28731327,3786.04513686,103.774,N/A,N/A,-130.9436,-126.3325,N/A,181.9508,181.9508,0.3836
05_0247.JPG,2855,sat_tile_y1980_x1980,60,15,5,0.267,0.068,"(0.000,0.443,0.000,0.000)",0.044,0.156,N/A,N/A,N/A,2316.13777970,3821.30930125,103.774,N/A,N/A,-152.1951,-136.8602,N/A,204.6804,204.6804,0.4010
05_0248.JPG,2804,sat_tile_y3960_x1980,22,10,5,0.151,0.221,"(0.462,0.722,0.432,0.009)",0.168,0.160,N/A,N/A,N/A,2459.98824613,3856.57346564,103.774,N/A,N/A,-173.4467,-148.6636,N/A,228.4395,228.4395,0.2996
05_0249.JPG,2738,N/A,N/A,15,N/A,N/A,N/A,N/A,N/A,N/A,N/A,N/A,N/A,2675.76394578,3909.46971222,103.774,N/A,N/A,-174.0171,-164.4552,N/A,239.4315,239.4315,0.4130
05_0250.JPG,2890,sat_tile_y2970_x1980,41,15,4,0.226,0.000,"(0.187,0.113,0.003,0.000)",0.030,0.128,N/A,N/A,N/A,2819.61441221,3944.73387661,103.774,N/A,N/A,-195.2687,-173.7071,N/A,261.3504,261.3504,0.4245
05_0251.JPG,2880,sat_tile_y2970_x990,27,15,5,0.208,0.535,"(0.000,0.658,0.001,0.000)",0.066,0.137,N/A,N/A,N/A,2963.46487865,3979.99804100,103.774,N/A,N/A,-216.5203,-184.2348,N/A,284.2948,284.2948,0.4878
05_0252.JPG,3025,N/A,N/A,15,N/A,N/A,N/A,N/A,N/A,N/A,N/A,N/A,N/A,3179.24057830,4032.89428759,103.774,N/A,N/A,-217.0907,-201.3021,N/A,296.0590,296.0590,0.4444
05_0253.JPG,2970,sat_tile_y1980_x2970,22,15,4,0.154,0.000,"(0.000,0.725,0.000,0.000)",0.072,0.113,N/A,N/A,N/A,3323.09104473,4068.15845198,103.774,N/A,N/A,-238.3323,-211.1920,N/A,318.4405,318.4405,0.4234
05_0254.JPG,3084,sat_tile_y2970_x2970,53,20,5,0.177,0.000,"(0.000,0.741,0.003,0.000)",0.074,0.126,N/A,N/A,N/A,3466.94151116,4103.42261637,103.774,N/A,N/A,-259.5840,-219.8061,N/A,340.1449,340.1449,0.6075
05_0255.JPG,2908,N/A,N/A,15,N/A,N/A,N/A,N/A,N/A,N/A,N/A,N/A,N/A,3610.79197759,4138.68678076,103.774,N/A,N/A,-280.8357,-230.3338,N/A,363.2111,363.2111,0.4941
05_0256.JPG,2822,sat_tile_y1980_x3960,32,15,5,0.180,0.147,"(0.000,0.469,0.000,0.000)",0.047,0.113,N/A,N/A,N/A,3754.64244403,4173.95094515,103.774,N/A,N/A,-302.0874,-241.4994,N/A,386.7541,386.7541,0.4662
05_0257.JPG,2937,sat_tile_y1980_x2970,26,15,5,0.174,0.372,"(0.469,0.722,0.117,0.000)",0.131,0.152,N/A,N/A,N/A,3970.41814368,4226.84719174,103.774,N/A,N/A,-303.8112,-257.9288,N/A,398.5329,398.5329,0.4743
05_0258.JPG,3432,sat_tile_y2970_x3960,475,15,67,0.403,1.918,"(1.000,0.870,0.996,0.924)",0.901,0.652,5378.79736328,3393.94323730,97.326,5348.25970266,3391.06693250,86.765,19.2370,-8.6371,10.9503,-7.7785,21.0871,420.2906,13.4318,0.5803
05_0259.JPG,3820,sat_tile_y2970_x3960,536,4,86,0.473,1.814,"(0.990,0.891,0.993,0.936)",0.916,0.644,5563.55346680,3364.03491211,96.534,5549.26130197,3371.81464407,86.529,9.0959,-0.3462,5.2176,-2.6688,9.1025,5.3996,5.8605,0.4390
05_0260.JPG,4300,sat_tile_y2970_x4950,750,4,98,0.440,1.760,"(0.966,0.919,0.971,0.947)",0.932,0.641,5727.81878662,3359.99819946,99.220,5732.85859494,3360.55521332,86.672,-6.6157,0.8589,-5.2481,0.6926,6.6712,4.4995,5.2936,0.3767
05_0261.JPG,4934,sat_tile_y1980_x4950,1448,6,232,0.581,1.965,"(0.999,0.897,0.998,0.951)",0.922,0.678,5959.50189209,3304.73828125,99.361,5932.61354511,3332.00607864,85.772,-2.8694,17.3561,-10.1658,9.2156,17.5917,14.3394,13.7212,0.5308
05_0262.JPG,5381,sat_tile_y1980_x5940,1057,4,207,0.633,1.999,"(0.974,0.931,0.988,0.954)",0.943,0.704,6192.43962097,3371.72253418,99.256,6143.21016988,3340.52602195,87.352,0.0540,-3.2791,-13.3049,6.0342,3.2796,23.3765,14.6093,0.5253
05_0263.JPG,5501,sat_tile_y2970_x4950,1420,4,348,0.689,1.919,"(0.993,0.928,0.994,0.952)",0.944,0.733,6398.77722168,3367.88027954,95.990,6354.07171188,3346.75442930,88.204,-4.2408,-2.1321,-16.3722,4.1748,4.7466,23.6871,16.8961,0.5456
05_0264.JPG,5785,sat_tile_y1980_x4950,1469,4,365,0.608,2.030,"(0.999,0.924,0.999,0.962)",0.943,0.692,6651.83361816,3327.90026855,97.701,6645.46814452,3333.53759693,87.954,5.3054,9.1656,3.5780,7.4827,10.5904,6.8495,8.2941,0.5669
05_0265.JPG,5603,sat_tile_y2970_x5940,1148,4,159,0.530,1.809,"(0.989,0.914,0.990,0.953)",0.933,0.674,6880.13671875,3396.00048828,103.591,6850.39927806,3354.89967880,90.025,6.9711,-9.8892,-1.0985,2.3810,12.0993,11.6747,2.6222,0.4796
05_0266.JPG,5236,sat_tile_y1980_x5940,1399,4,256,0.584,2.051,"(0.928,0.915,0.950,0.947)",0.923,0.673,7154.96423340,3431.29846191,98.040,7075.67529404,3382.95768964,91.494,21.2617,-19.7891,-0.2542,-5.3575,29.0460,9.1675,5.3636,0.5707
05_0267.JPG,4986,sat_tile_y2970_x6930,866,4,160,0.532,1.946,"(0.923,0.895,0.936,0.941)",0.906,0.653,7414.36041260,3401.70635986,99.229,7311.05460889,3392.76485740,91.741,32.5283,-10.9547,4.4952,-8.2854,34.3234,8.9140,9.4262,0.5612
05_0268.JPG,4881,sat_tile_y2970_x6930,247,6,33,0.365,1.327,"(0.910,0.890,0.910,0.922)",0.897,0.631,7656.23846436,3321.32052612,99.387,7626.80072152,3371.93077291,90.285,37.8878,12.4057,29.8996,-2.7034,39.8671,29.1451,30.0216,0.6326
05_0269.JPG,3748,sat_tile_y2970_x7413,15,6,5,0.141,1.012,"(0.566,0.377,0.189,0.716)",0.298,0.220,N/A,N/A,N/A,7830.93466257,3372.94602671,90.285,N/A,N/A,25.0068,-3.6444,N/A,25.2709,25.2709,0.4171
05_0270.JPG,4013,N/A,N/A,4,N/A,N/A,N/A,N/A,N/A,N/A,N/A,N/A,N/A,8035.06860362,3373.96128052,90.285,N/A,N/A,21.2774,-4.5854,N/A,21.7658,21.7658,0.3485
05_0271.JPG,3560,N/A,N/A,4,N/A,N/A,N/A,N/A,N/A,N/A,N/A,N/A,N/A,8239.20254466,3374.97653432,90.285,N/A,N/A,16.3845,-4.2506,N/A,16.9269,16.9269,0.3391
05_0272.JPG,3067,N/A,N/A,4,N/A,N/A,N/A,N/A,N/A,N/A,N/A,N/A,N/A,8545.40345624,3376.49941503,90.285,N/A,N/A,39.1886,-2.7916,N/A,39.2880,39.2880,0.2710
05_0273.JPG,3129,sat_tile_y2970_x7413,11,4,4,0.192,0.000,"(0.000,0.370,0.000,0.000)",0.037,0.115,N/A,N/A,N/A,8749.53739729,3377.51466883,90.285,N/A,N/A,35.4592,-3.7326,N/A,35.6552,35.6552,0.2766
05_0274.JPG,2991,N/A,N/A,4,N/A,N/A,N/A,N/A,N/A,N/A,N/A,N/A,N/A,8953.67133834,3378.52992264,90.285,N/A,N/A,30.5664,-4.0357,N/A,30.8317,30.8317,0.2769
05_0276.JPG,2623,sat_tile_y2970_x7413,33,6,10,0.173,0.861,"(0.496,0.376,0.069,0.197)",0.155,0.164,N/A,N/A,N/A,8857.56639750,3916.95466818,-100.715,N/A,N/A,1.0071,-14.8893,N/A,14.9233,14.9233,0.4220
05_0277.JPG,2649,sat_tile_y2970_x7413,22,8,8,0.237,0.270,"(0.007,0.681,0.010,0.971)",0.171,0.204,N/A,N/A,N/A,8639.15009865,3958.28219064,-100.715,N/A,N/A,2.0243,-27.2272,N/A,27.3023,27.3023,0.4685
05_0278.JPG,2457,sat_tile_y2970_x7413,12,8,6,0.236,0.000,"(0.361,0.829,0.299,0.975)",0.426,0.331,N/A,N/A,N/A,8420.73379979,3999.60971311,-100.715,N/A,N/A,1.8780,-39.5650,N/A,39.6096,39.6096,0.4882
05_0279.JPG,2569,sat_tile_y2970_x7413,7,8,5,0.246,0.713,"(0.424,0.923,0.204,0.602)",0.338,0.292,N/A,N/A,N/A,8202.31750094,4040.93723557,-100.715,N/A,N/A,2.8952,-51.2650,N/A,51.3467,51.3467,0.4560
05_0280.JPG,2392,sat_tile_y2970_x7413,15,12,5,0.195,0.126,"(0.162,0.352,0.000,0.109)",0.063,0.129,N/A,N/A,N/A,7983.90120208,4082.26475803,-100.715,N/A,N/A,3.9124,-64.2407,N/A,64.3597,64.3597,0.6512
05_0281.JPG,3098,sat_tile_y2970_x6930,121,12,12,0.323,1.410,"(0.004,0.714,0.035,0.022)",0.080,0.202,N/A,N/A,N/A,7765.48490323,4123.59228050,-100.715,N/A,N/A,3.7661,-77.8532,N/A,77.9442,77.9442,0.8255
05_0282.JPG,3562,sat_tile_y1980_x5940,328,12,44,0.450,1.885,"(0.972,0.927,0.969,0.958)",0.939,0.694,7452.88330078,3828.99414062,-98.975,7449.75791837,3836.57531059,-89.633,-20.7752,10.7324,-21.6233,8.4692,23.3836,94.8562,23.2227,0.9854
05_0283.JPG,4015,sat_tile_y2970_x5940,1035,4,150,0.482,1.932,"(0.998,0.912,0.995,0.945)",0.932,0.644,7269.62145996,3808.00708008,-97.333,7250.01737991,3820.70503204,-89.067,-10.2285,17.6357,-15.5483,13.8449,20.3873,22.8015,20.8190,0.5421
05_0284.JPG,4283,sat_tile_y2970_x6930,494,4,69,0.393,1.767,"(0.993,0.900,0.993,0.938)",0.922,0.658,7077.75839233,3829.20373535,-98.298,7051.97595508,3822.89558855,-89.468,-3.1591,11.3077,-10.1555,13.1909,11.7407,21.2305,16.6474,0.4963
05_0285.JPG,4602,sat_tile_y2970_x4950,1114,6,264,0.538,2.028,"(0.985,0.926,0.988,0.950)",0.940,0.663,6813.27648926,3884.16674805,-95.172,6875.71171438,3845.80293603,-90.719,-14.6525,-4.4630,2.2901,6.9901,15.3171,18.2643,7.3557,0.6752
05_0286.JPG,4992,sat_tile_y1980_x4950,495,4,76,0.456,1.933,"(0.963,0.931,0.972,0.920)",0.931,0.694,6690.21313477,3825.63012695,-90.467,6668.82658510,3837.57050044,-89.509,12.2400,12.3746,6.4365,8.8099,17.4054,6.3082,10.9107,0.5875
05_0287.JPG,5246,sat_tile_y2970_x4950,1665,4,382,0.584,1.909,"(0.995,0.917,0.998,0.947)",0.936,0.688,6439.95373535,3875.50885010,-90.087,6447.47585940,3851.20127845,-90.005,4.6161,-2.5161,6.6573,4.7406,5.2573,12.1884,8.1727,0.4914
05_0288.JPG,5203,sat_tile_y2970_x4950,1704,4,345,0.534,1.978,"(0.979,0.908,0.987,0.937)",0.926,0.659,6294.11059570,3748.65631104,-88.876,6251.32200328,3809.46447700,-87.086,24.1635,33.4417,12.5523,15.2882,41.2580,7.2150,19.7810,0.4839
05_0289.JPG,5259,sat_tile_y2970_x4950,1546,4,398,0.490,1.838,"(0.986,0.921,0.974,0.943)",0.935,0.656,6030.39489746,3880.70727539,-98.067,6035.04178076,3832.22778338,-89.475,12.8881,-4.7059,14.1491,9.7671,13.7204,24.7464,17.1928,0.3965
05_0290.JPG,5152,sat_tile_y2970_x4950,1398,4,247,0.536,2.107,"(0.939,0.917,0.964,0.945)",0.926,0.651,5805.45855713,3979.61059570,-95.748,5815.55136476,3887.65920349,-92.700,12.1360,-32.3188,14.8749,-4.8678,34.5223,20.3707,15.6511,0.3932
05_0291.JPG,3862,sat_tile_y2970_x4950,489,6,64,0.534,1.585,"(0.981,0.900,0.982,0.958)",0.922,0.728,5506.10644531,3798.25396729,-94.983,5519.47582779,3852.92783099,-90.282,-9.9733,18.6349,-6.3453,2.3127,21.1359,12.6536,6.7536,0.5195
05_0292.JPG,3487,sat_tile_y2970_x3960,688,4,78,0.460,1.823,"(0.999,0.947,0.984,0.976)",0.959,0.709,5212.89782715,3877.86895752,-100.612,5223.95702473,3867.75962639,-91.723,-29.2520,-3.8586,-26.2510,-0.8406,29.5054,24.5836,26.2644,0.3448
05_0293.JPG,3116,sat_tile_y2970_x3960,308,6,45,0.378,1.770,"(0.672,0.898,0.791,0.990)",0.738,0.558,4979.80047607,3982.68859863,-99.547,4999.64656749,3908.37279380,-93.634,-32.2289,-33.2377,-26.8434,-11.0516,46.2974,24.9747,29.0293,0.3280
05_0294.JPG,3026,sat_tile_y2970_x3960,62,6,7,0.279,0.672,"(0.955,0.549,0.855,0.933)",0.659,0.469,N/A,N/A,N/A,4708.90687602,3926.83793441,-93.634,N/A,N/A,-45.4521,-17.2020,N/A,48.5984,48.5984,0.2654
05_0295.JPG,3004,sat_tile_y1980_x2970,53,6,5,0.156,0.001,"(0.000,0.216,0.000,0.000)",0.022,0.089,N/A,N/A,N/A,4490.85210742,3940.68678986,-93.634,N/A,N/A,-45.5003,-21.9743,N/A,50.5287,50.5287,0.2377
05_0296.JPG,2984,N/A,N/A,6,N/A,N/A,N/A,N/A,N/A,N/A,N/A,N/A,N/A,4200.11241595,3959.15193046,-93.634,N/A,N/A,-64.1091,-27.4868,N/A,69.7531,69.7531,0.2240
05_0297.JPG,2854,sat_tile_y2970_x2970,22,9,6,0.139,0.000,"(0.180,0.888,0.063,0.935)",0.245,0.192,N/A,N/A,N/A,3982.05764735,3973.00078592,-93.634,N/A,N/A,-62.9938,-31.6212,N/A,70.4849,70.4849,0.2917
05_0298.JPG,2969,sat_tile_y3960_x1980,67,6,6,0.186,0.259,"(0.177,1.000,0.001,0.075)",0.126,0.156,N/A,N/A,N/A,3764.00287875,3986.84964137,-93.634,N/A,N/A,-61.8785,-36.3935,N/A,71.7874,71.7874,0.2125
05_0299.JPG,2835,sat_tile_y3960_x2970,55,8,6,0.209,1.169,"(0.004,0.001,0.008,0.030)",0.005,0.107,N/A,N/A,N/A,3473.26318728,4005.31478197,-93.634,N/A,N/A,-81.6508,-41.9061,N/A,91.7767,91.7767,0.2451
05_0300.JPG,2612,sat_tile_y2970_x2970,43,8,5,0.181,0.133,"(0.000,0.211,0.009,0.001)",0.022,0.101,N/A,N/A,N/A,3255.20841868,4019.16363743,-93.634,N/A,N/A,-80.5456,-45.4026,N/A,92.4608,92.4608,0.2402
05_0301.JPG,2755,sat_tile_y4163_x1980,57,12,5,0.383,0.372,"(0.000,0.041,0.000,0.000)",0.004,0.194,N/A,N/A,N/A,3037.15365008,4033.01249288,-93.634,N/A,N/A,-79.4303,-50.1749,N/A,93.9505,93.9505,0.3712
05_0302.JPG,2673,sat_tile_y4163_x990,93,8,6,0.336,0.434,"(0.000,0.271,0.000,0.000)",0.027,0.182,N/A,N/A,N/A,2746.41395861,4051.47763349,-93.634,N/A,N/A,-99.2026,-55.0496,N/A,113.4531,113.4531,0.2569
05_0303.JPG,2831,sat_tile_y4163_x1980,54,8,6,0.317,0.467,"(0.279,0.723,0.399,0.131)",0.232,0.274,N/A,N/A,N/A,2528.35919001,4065.32648894,-93.634,N/A,N/A,-98.0873,-59.8218,N/A,114.8903,114.8903,0.2987
05_0304.JPG,2809,sat_tile_y2970_x1980,56,8,5,0.171,0.313,"(0.000,0.911,0.000,0.000)",0.091,0.131,N/A,N/A,N/A,2310.30442140,4079.17534439,-93.634,N/A,N/A,-96.9720,-63.9563,N/A,116.1636,116.1636,0.2764
05_0305.JPG,2830,sat_tile_y1980_x0,58,12,5,0.183,0.058,"(0.519,0.001,0.000,0.027)",0.055,0.119,N/A,N/A,N/A,2019.56472993,4097.64048500,-93.634,N/A,N/A,-116.7443,-70.1056,N/A,136.1764,136.1764,0.3739
05_0306.JPG,2975,sat_tile_y3960_x1980,48,12,5,0.275,0.017,"(0.495,0.987,0.015,0.000)",0.150,0.212,N/A,N/A,N/A,1801.50996133,4111.48934045,-93.634,N/A,N/A,-115.6290,-71.6896,N/A,136.0495,136.0495,0.3830
05_0307.JPG,2832,sat_tile_y2970_x0,77,8,5,0.341,0.167,"(0.425,0.639,0.002,0.000)",0.107,0.224,N/A,N/A,N/A,1583.45519273,4125.33819590,-93.634,N/A,N/A,-114.5138,-75.8241,N/A,137.3415,137.3415,0.2463
05_0308.JPG,2986,sat_tile_y1980_x990,53,8,5,0.178,0.477,"(0.000,0.158,0.000,0.000)",0.016,0.097,N/A,N/A,N/A,1365.40042413,4139.18705136,-93.634,N/A,N/A,-114.5619,-81.8721,N/A,140.8101,140.8101,0.2319
05_0309.JPG,2710,sat_tile_y3960_x0,24,8,5,0.530,0.023,"(0.004,0.013,0.000,0.000)",0.002,0.266,N/A,N/A,N/A,1147.34565553,4153.03590681,-93.634,N/A,N/A,-113.4467,-86.0065,N/A,142.3631,142.3631,0.2663
05_0310.JPG,2252,N/A,N/A,8,N/A,N/A,N/A,N/A,N/A,N/A,N/A,N/A,N/A,929.29088693,4166.88476226,-93.634,N/A,N/A,-112.3415,-89.5030,N/A,143.6364,143.6364,0.2786
05_0311.JPG,2112,sat_tile_y4163_x0,54,8,5,0.337,0.307,"(0.007,0.455,0.000,0.000)",0.046,0.192,N/A,N/A,N/A,711.23611832,4180.73361772,-93.634,N/A,N/A,-111.2262,-94.2753,N/A,145.8050,145.8050,0.2625
05_0312.JPG,2255,N/A,N/A,4,N/A,N/A,N/A,N/A,N/A,N/A,N/A,N/A,N/A,493.18134972,4194.58247317,-93.634,N/A,N/A,-111.2744,-97.1340,N/A,147.7058,147.7058,0.1408
05_0313.JPG,2560,N/A,N/A,4,N/A,N/A,N/A,N/A,N/A,N/A,N/A,N/A,N/A,275.12658112,4208.43132862,-93.634,N/A,N/A,-110.1591,-102.5441,N/A,150.5003,150.5003,0.1695
05_0314.JPG,2947,N/A,N/A,4,N/A,N/A,N/A,N/A,N/A,N/A,N/A,N/A,N/A,57.07181252,4222.28018408,-93.634,N/A,N/A,-109.0438,-107.3153,N/A,152.9939,152.9939,0.1728
05_0316.JPG,1768,N/A,N/A,3,N/A,N/A,N/A,N/A,N/A,N/A,N/A,N/A,N/A,663.42308465,4419.21320785,102.130,N/A,N/A,-1.3089,-14.9448,N/A,15.0020,15.0020,0.1377
05_0317.JPG,2020,N/A,N/A,6,N/A,N/A,N/A,N/A,N/A,N/A,N/A,N/A,N/A,983.00395523,4487.89885929,102.130,N/A,N/A,25.1266,-36.0880,N/A,43.9737,43.9737,0.1970
05_0318.JPG,2089,sat_tile_y4163_x990,54,6,5,0.234,0.057,"(0.002,0.155,0.000,0.000)",0.016,0.125,N/A,N/A,N/A,1196.05786895,4533.68929358,102.130,N/A,N/A,22.6543,-51.0339,N/A,55.8361,55.8361,0.2273
05_0319.JPG,2232,N/A,N/A,6,N/A,N/A,N/A,N/A,N/A,N/A,N/A,N/A,N/A,1409.11178267,4579.47972787,102.130,N/A,N/A,20.1819,-64.0662,N/A,67.1699,67.1699,0.2270
05_0320.JPG,2235,sat_tile_y4163_x990,40,6,6,0.180,0.665,"(0.348,0.534,0.000,0.000)",0.088,0.134,N/A,N/A,N/A,1622.16569639,4625.27016216,102.130,N/A,N/A,18.8730,-77.0986,N/A,79.3749,79.3749,0.2551
05_0321.JPG,2192,sat_tile_y3960_x0,36,9,4,0.219,0.000,"(0.000,0.391,0.000,0.000)",0.039,0.129,N/A,N/A,N/A,1835.21961011,4671.06059646,102.130,N/A,N/A,16.4108,-90.1309,N/A,91.6127,91.6127,0.2685
05_0322.JPG,1906,sat_tile_y4163_x1980,66,12,5,0.154,0.039,"(0.990,0.974,0.007,0.001)",0.198,0.176,N/A,N/A,N/A,2048.27352383,4716.85103075,102.130,N/A,N/A,13.9384,-104.4390,N/A,105.3650,105.3650,0.3325
05_0323.JPG,2021,sat_tile_y2970_x990,33,8,5,0.254,0.000,"(0.111,0.094,0.013,0.000)",0.022,0.138,N/A,N/A,N/A,2367.85439441,4785.53668218,102.130,N/A,N/A,41.5375,-124.9443,N/A,131.6679,131.6679,0.2590
05_0324.JPG,2322,sat_tile_y3960_x1980,48,8,5,0.161,0.067,"(0.000,0.560,0.001,0.000)",0.056,0.108,N/A,N/A,N/A,2580.90830813,4831.32711648,102.130,N/A,N/A,39.0651,-137.9766,N/A,143.4002,143.4002,0.2455
05_0325.JPG,2623,sat_tile_y1980_x1980,47,12,5,0.305,0.383,"(0.006,0.938,0.000,0.065)",0.101,0.203,N/A,N/A,N/A,2793.96222185,4877.11755077,102.130,N/A,N/A,37.7562,-151.6468,N/A,156.2763,156.2763,0.3238
05_0326.JPG,2845,sat_tile_y3960_x990,49,12,6,0.214,0.844,"(0.004,0.433,0.000,0.000)",0.044,0.129,N/A,N/A,N/A,3007.01613557,4922.90798506,102.130,N/A,N/A,35.2839,-165.9549,N/A,169.6643,169.6643,0.3134
05_0327.JPG,2775,sat_tile_y4163_x2970,55,12,5,0.392,0.000,"(0.000,0.822,0.000,0.000)",0.082,0.237,N/A,N/A,N/A,3220.07004929,4968.69841935,102.130,N/A,N/A,32.8115,-180.2630,N/A,183.2248,183.2248,0.2826
05_0328.JPG,2837,sat_tile_y4163_x1980,54,8,5,0.280,0.053,"(0.150,0.020,0.034,0.000)",0.020,0.150,N/A,N/A,N/A,3433.12396301,5014.48885364,102.130,N/A,N/A,30.3391,-193.9332,N/A,196.2920,196.2920,0.2290
05_0329.JPG,2601,N/A,N/A,12,N/A,N/A,N/A,N/A,N/A,N/A,N/A,N/A,N/A,3646.17787673,5060.27928793,102.130,N/A,N/A,29.0302,-205.6909,N/A,207.7294,207.7294,0.3465
05_0330.JPG,2600,N/A,N/A,12,N/A,N/A,N/A,N/A,N/A,N/A,N/A,N/A,N/A,3859.23179045,5106.06972222,102.130,N/A,N/A,26.5579,-218.7232,N/A,220.3297,220.3297,0.3825
05_0331.JPG,2378,sat_tile_y3960_x2970,27,12,5,0.274,0.001,"(0.000,0.666,0.000,0.000)",0.067,0.170,N/A,N/A,N/A,4072.28570417,5151.86015651,102.130,N/A,N/A,24.0956,-232.3934,N/A,233.6392,233.6392,0.4161
05_0332.JPG,2427,sat_tile_y3960_x3960,64,16,6,0.315,0.650,"(0.214,0.388,0.036,0.967)",0.182,0.249,N/A,N/A,N/A,4391.86657475,5220.54580795,102.130,N/A,N/A,50.5313,-253.5366,N/A,258.5231,258.5231,0.5775
05_0333.JPG,2714,sat_tile_y3960_x2970,120,12,12,0.356,1.186,"(0.778,0.952,0.864,0.858)",0.812,0.584,4523.10046387,4352.85208130,103.704,4537.54193127,4360.20453886,90.748,27.0188,4.8665,30.9377,2.6715,27.4535,272.3289,31.0528,0.5110
05_0334.JPG,3132,sat_tile_y3960_x3960,119,6,15,0.277,1.779,"(0.175,0.248,0.125,0.077)",0.109,0.193,N/A,N/A,N/A,4743.49932669,4362.89272259,90.748,N/A,N/A,26.5396,1.2311,N/A,26.5681,26.5681,0.3895
05_0335.JPG,3381,sat_tile_y3960_x3960,467,9,60,0.453,1.603,"(0.931,0.863,0.935,0.984)",0.889,0.671,4921.42388916,4391.35086060,105.198,4932.34838151,4382.64501554,91.461,14.5343,-5.9901,17.4988,-3.3911,15.7202,22.2068,17.8243,0.5455
05_0336.JPG,4140,sat_tile_y4163_x3960,484,6,64,0.417,1.858,"(0.898,0.901,0.916,0.973)",0.908,0.662,5148.80639648,4466.17321777,104.776,5141.93216103,4423.46443803,92.961,17.1137,-27.0517,15.2482,-14.3015,32.0105,14.4816,20.9055,0.5435
05_0337.JPG,4924,sat_tile_y2970_x3960,805,6,122,0.453,1.873,"(0.948,0.909,0.953,0.965)",0.923,0.633,5367.05761719,4382.34423828,99.335,5421.77874432,4414.75063970,91.518,16.0517,-2.6634,30.9012,-12.3380,16.2711,43.2893,33.2732,0.5703
05_0338.JPG,5183,sat_tile_y2970_x3960,1301,6,281,0.566,1.984,"(0.970,0.913,0.971,0.964)",0.930,0.673,5549.90405273,4338.24938965,101.455,5600.12869126,4385.76302008,89.644,5.3921,9.2260,19.0214,-4.9587,10.6861,29.8144,19.6571,0.6188
05_0339.JPG,5468,sat_tile_y3960_x4950,600,6,77,0.365,1.869,"(0.978,0.945,0.985,0.950)",0.953,0.659,5747.79864502,4320.61849976,102.414,5784.90138161,4360.29141694,88.349,-1.1940,14.4895,8.8745,2.6456,14.5386,13.8092,9.2604,0.6440
05_0340.JPG,5674,sat_tile_y3960_x4950,1694,9,375,0.601,1.931,"(0.999,0.924,0.997,0.944)",0.941,0.695,5880.78869629,4391.91293335,98.926,5951.63757531,4368.72783318,88.921,-25.3930,-6.1579,-6.1670,0.7638,26.1290,5.5192,6.2141,1.0079
05_0341.JPG,5847,sat_tile_y3960_x4950,1872,6,452,0.612,1.957,"(0.974,0.913,0.973,0.928)",0.927,0.692,5997.36926270,4378.93426514,96.500,6102.60271372,4369.00433069,88.764,-52.8816,-1.6454,-24.3247,1.3191,52.9072,12.7708,24.3605,0.8121
05_0342.JPG,5680,sat_tile_y4163_x4950,1435,6,376,0.656,1.923,"(0.968,0.906,0.964,0.923)",0.920,0.710,6232.44348145,4350.78576660,92.313,6274.01740988,4357.19723477,87.654,-49.3783,5.4834,-38.0966,3.5693,49.6819,33.3310,38.2634,0.8424
05_0343.JPG,5427,sat_tile_y4163_x4950,958,6,273,0.658,1.860,"(0.839,0.924,0.897,0.889)",0.858,0.691,6477.58776855,4152.96141529,98.983,6465.36957283,4282.57015853,84.183,-41.9789,63.9037,-45.2946,25.2105,76.4586,46.8314,51.8379,0.7617
05_0344.JPG,5023,sat_tile_y3960_x5940,1657,6,394,0.582,1.911,"(0.906,0.916,0.944,0.896)",0.904,0.675,6701.68395996,4540.31768799,93.368,6665.70531852,4351.86425249,88.383,-41.4549,-49.1867,-51.2183,7.0739,64.3261,64.2995,51.7045,0.8124
05_0345.JPG,4610,sat_tile_y2970_x5940,1287,6,323,0.505,1.967,"(0.975,0.901,0.976,0.917)",0.917,0.645,6919.72985840,4319.44836426,92.410,6870.69319293,4336.24009993,87.415,-42.5726,16.1134,-55.8795,11.1005,45.5199,60.8006,56.9714,0.5987
05_0346.JPG,4094,sat_tile_y2970_x5940,998,6,242,0.486,1.869,"(0.924,0.909,0.950,0.918)",0.916,0.644,7148.72863770,4475.51525879,93.437,7083.80567873,4371.78176826,89.329,-39.5546,-31.1164,-57.1725,-0.1480,50.3269,64.5725,57.1727,0.5562
05_0347.JPG,3727,sat_tile_y2970_x7413,549,9,186,0.684,1.839,"(0.995,0.909,0.998,0.936)",0.929,0.731,7499.70509338,4402.56872559,94.553,7416.97151092,4380.85623528,89.583,-4.5893,-10.6137,-27.0404,-4.1317,11.5634,38.7263,27.3542,0.7330
05_0348.JPG,3438,sat_tile_y2970_x5940,568,9,183,0.640,1.845,"(0.941,0.923,0.974,0.932)",0.931,0.714,7732.04223633,4206.16967773,99.268,7650.47622530,4318.30523531,87.016,-1.8288,45.4675,-23.9631,11.9908,45.5043,34.0769,26.7957,0.6228
05_0349.JPG,3173,sat_tile_y2970_x6930,674,9,196,0.624,1.805,"(0.958,0.918,0.968,0.943)",0.930,0.710,7861.35455322,4277.78430176,103.031,7855.27928595,4300.97418890,87.381,-25.8623,24.7257,-27.5110,17.8026,35.7802,32.3130,32.7687,0.6308
05_0350.JPG,3371,sat_tile_y2970_x7413,473,6,132,0.549,1.839,"(0.986,0.923,0.993,0.952)",0.940,0.681,8154.08166504,4426.17602539,101.021,8083.20551891,4335.40878959,89.764,-6.7141,-17.6613,-25.9475,9.4362,18.8945,39.7749,27.6100,0.4843
05_0351.JPG,3695,sat_tile_y4163_x7413,31,6,8,0.166,1.096,"(0.861,0.798,0.782,0.837)",0.797,0.482,N/A,N/A,N/A,8391.47155236,4334.13725401,89.764,N/A,N/A,-2.5825,11.0904,N/A,11.3871,11.3871,0.4204
05_0352.JPG,4180,sat_tile_y3960_x7413,29,6,9,0.204,0.715,"(0.893,0.757,0.886,0.867)",0.794,0.499,N/A,N/A,N/A,8596.98224133,4333.28956363,89.764,N/A,N/A,-5.9384,11.3434,N/A,12.8038,12.8038,0.4735
05_0353.JPG,4179,sat_tile_y2970_x7413,513,6,97,0.415,1.931,"(0.982,0.909,0.984,0.940)",0.927,0.616,8942.85656738,4352.90917969,99.996,8852.34712477,4343.19205753,90.328,27.6323,4.8495,3.0710,7.7504,28.0546,15.1486,8.3367,0.4629
05_0354.JPG,4317,sat_tile_y2970_x7413,565,3,111,0.445,1.862,"(0.984,0.914,0.986,0.937)",0.931,0.635,9093.91931152,4341.27697754,102.469,9072.95889242,4345.20248349,90.642,26.8924,7.6843,21.2045,6.5124,27.9687,19.6741,22.1820,0.2936
05_0356.JPG,4201,sat_tile_y3960_x7413,166,6,24,0.311,1.737,"(0.998,0.910,0.998,0.947)",0.931,0.621,8817.35400391,4856.25555420,-99.398,8828.12877863,4870.34866241,-97.052,-9.9053,5.7427,-6.9814,1.5354,11.4496,12.0607,7.1482,0.5493
05_0357.JPG,3916,sat_tile_y4163_x7413,28,6,6,0.158,0.123,"(0.789,0.708,0.821,0.947)",0.752,0.455,N/A,N/A,N/A,8607.03072254,4897.69836701,-97.052,N/A,N/A,-6.6919,-7.2663,N/A,9.8783,9.8783,0.4875
05_0358.JPG,3711,sat_tile_y4163_x6930,34,6,5,0.221,0.000,"(0.906,0.490,0.813,0.914)",0.606,0.413,N/A,N/A,N/A,8385.93266644,4925.04807161,-97.052,N/A,N/A,-7.5659,-16.0691,N/A,17.7612,17.7612,0.5064
05_0359.JPG,3752,N/A,N/A,6,N/A,N/A,N/A,N/A,N/A,N/A,N/A,N/A,N/A,8164.83461035,4952.39777622,-97.052,N/A,N/A,-7.2765,-22.9594,N/A,24.0849,24.0849,0.5351
05_0360.JPG,3600,sat_tile_y2970_x7413,507,9,138,0.563,1.810,"(0.999,0.927,0.996,0.941)",0.943,0.690,7961.13446045,4852.42761230,-102.240,7953.72174365,4863.20589315,-90.979,-2.2658,7.5234,-4.2773,4.3056,7.8571,31.2769,6.0691,0.7413
05_0361.JPG,3953,sat_tile_y2970_x6930,610,9,170,0.700,1.926,"(0.966,0.936,0.970,0.923)",0.934,0.732,7859.86755371,4928.91674805,-93.721,7803.63705683,4905.47853036,-92.869,29.3788,-15.3116,14.1195,-8.3144,33.1294,5.5780,16.3856,0.8973
05_0362.JPG,4077,sat_tile_y2970_x6930,731,9,253,0.623,1.874,"(0.992,0.919,0.982,0.937)",0.935,0.706,7614.19372559,4857.22729492,-98.510,7603.30249970,4888.10224744,-91.374,22.9991,4.1780,20.0435,-5.0394,23.3755,22.3462,20.6673,1.0750
05_0363.JPG,4163,sat_tile_y2970_x6930,784,9,272,0.588,1.779,"(0.970,0.925,0.978,0.932)",0.935,0.700,7386.09579468,4789.92956543,-97.179,7392.32197528,4848.40112165,-88.682,21.3789,22.9932,23.0685,5.5372,31.3966,25.4739,23.7237,0.9495
05_0364.JPG,4860,sat_tile_y4163_x5940,1297,6,376,0.467,1.876,"(0.959,0.909,0.966,0.923)",0.921,0.638,7240.67785645,4940.68920898,-95.373,7203.79003577,4879.10483944,-90.631,41.0523,-18.8261,31.0420,-0.4408,45.1632,27.9470,31.0452,0.7561
05_0365.JPG,5227,sat_tile_y3960_x5940,1533,6,375,0.498,1.852,"(0.977,0.910,0.970,0.926)",0.924,0.654,7006.11108398,4884.39129639,-89.741,7002.00144460,4880.34039876,-89.880,37.6766,-2.6569,36.5614,-1.4475,37.7702,36.0223,36.5900,0.6443
05_0366.JPG,5263,sat_tile_y2970_x5940,990,6,215,0.500,1.811,"(0.903,0.918,0.931,0.902)",0.907,0.651,6784.89154053,4682.38500977,-96.627,6840.94983115,4812.81376995,-86.154,37.9330,55.7373,53.1456,16.7993,67.4207,60.1069,55.7375,0.7173
05_0367.JPG,5570,sat_tile_y4163_x4950,1050,6,226,0.553,1.829,"(0.930,0.891,0.927,0.924)",0.901,0.668,6630.59240723,4897.85455322,-97.787,6632.62589491,4836.04875395,-88.465,56.3498,-7.9508,56.9016,10.5006,56.9079,61.1537,57.8623,0.8348
05_0368.JPG,5819,sat_tile_y4163_x4950,1743,6,358,0.583,1.874,"(0.963,0.891,0.962,0.944)",0.910,0.680,6326.53747559,4921.24932861,-97.984,6391.76931072,4865.26064111,-90.529,32.9638,-14.2972,50.6657,2.4176,35.9308,61.0305,50.7233,0.9466
05_0369.JPG,5793,sat_tile_y3960_x5940,792,6,114,0.546,1.772,"(0.927,0.912,0.962,0.961)",0.923,0.679,5914.12063789,4800.48419189,-94.372,6148.11312251,4843.48044333,-89.089,-18.6649,21.1180,44.8335,8.2820,28.1842,72.4670,45.5921,0.8439
05_0370.JPG,5227,sat_tile_y4163_x3960,1479,9,364,0.665,1.837,"(0.934,0.918,0.962,0.963)",0.928,0.723,5543.63598633,4765.32348633,-92.652,5791.25666325,4809.55710092,-87.192,-58.9143,30.9769,8.2823,17.7715,66.5618,43.9689,19.6067,0.9271
05_0371.JPG,4894,sat_tile_y3960_x3960,1448,6,348,0.605,1.889,"(0.955,0.922,0.982,0.967)",0.936,0.698,5454.30957031,5022.03808594,-92.111,5458.05141182,4885.33090434,-91.217,-22.8763,-42.4740,-21.8608,-1.6617,48.2428,33.3684,21.9239,0.5744
05_0372.JPG,4964,sat_tile_y3960_x3960,1457,6,305,0.620,1.928,"(0.957,0.895,0.954,0.965)",0.914,0.693,5387.88781738,4829.42443848,-95.590,5321.58789109,4867.38076042,-90.109,18.2343,11.8404,0.2425,0.5089,21.7413,9.6445,0.5638,0.5686
05_0373.JPG,4091,sat_tile_y3960_x3960,1010,9,198,0.632,1.865,"(0.965,0.909,0.969,0.981)",0.928,0.708,5100.46289062,4811.58233643,-99.815,5032.13363479,4847.51613573,-89.717,0.5146,17.1669,-18.0279,6.4393,17.1746,27.7967,19.1434,0.5904
05_0374.JPG,3669,sat_tile_y3960_x3960,714,6,106,0.601,1.826,"(0.983,0.911,0.991,0.986)",0.933,0.701,4862.40423584,4909.16021729,-94.763,4815.83251768,4869.47065748,-90.575,-3.7986,-10.0514,-16.4367,1.7975,10.7452,24.2068,16.5347,0.3644
05_0375.JPG,2957,sat_tile_y4163_x3960,555,6,62,0.573,2.108,"(0.952,0.918,0.947,0.999)",0.932,0.753,4621.15295410,4860.28088379,-92.409,4646.18857892,4864.61705150,-89.741,-8.9781,3.9042,-2.1842,2.6097,9.7903,1.3851,3.4031,0.3471
05_0376.JPG,2562,sat_tile_y4163_x2970,203,6,18,0.417,1.772,"(0.985,0.956,0.974,0.998)",0.965,0.691,4367.22448730,4817.00225830,-99.159,4341.23137157,4848.97767228,-89.583,-18.7613,16.1867,-25.8150,6.6408,24.7789,29.0994,26.6555,0.2909
05_0377.JPG,2633,sat_tile_y3960_x2970,171,6,14,0.549,1.063,"(0.913,0.527,0.941,0.967)",0.651,0.600,4192.56066895,4891.31457520,-95.692,4127.74550297,4860.37693688,-90.172,-5.8710,-4.7238,-23.4598,4.5123,7.5354,30.7109,23.8899,0.2794
05_0378.JPG,2234,sat_tile_y3960_x2970,50,6,6,0.456,0.000,"(0.328,0.101,0.009,1.000)",0.149,0.302,N/A,N/A,N/A,3895.02364795,4861.07564195,-90.172,N/A,N/A,-26.3247,3.6670,N/A,26.5789,26.5789,0.2464
05_0379.JPG,2395,sat_tile_y3960_x2970,81,6,5,0.295,0.000,"(0.000,0.074,0.002,0.000)",0.008,0.151,N/A,N/A,N/A,3662.30179292,4861.77434703,-90.172,N/A,N/A,-30.3531,2.8205,N/A,30.4839,30.4839,0.1838
05_0380.JPG,2374,N/A,N/A,6,N/A,N/A,N/A,N/A,N/A,N/A,N/A,N/A,N/A,3352.00598621,4862.70595380,-90.172,N/A,N/A,-54.2793,3.8170,N/A,54.4133,54.4133,0.1883
05_0381.JPG,2665,sat_tile_y4163_x2970,71,6,5,0.270,0.316,"(0.001,0.990,0.006,0.370)",0.137,0.203,N/A,N/A,N/A,3119.28413119,4863.40465887,-90.172,N/A,N/A,-57.1442,3.6084,N/A,57.2580,57.2580,0.1861
05_0382.JPG,3009,sat_tile_y2970_x2970,71,9,5,0.256,0.000,"(0.190,0.000,0.000,0.019)",0.021,0.138,N/A,N/A,N/A,2886.56227616,4864.10336395,-90.172,N/A,N/A,-61.1725,3.3998,N/A,61.2670,61.2670,0.2665
05_0383.JPG,2862,sat_tile_y3960_x1980,40,6,5,0.193,0.057,"(0.000,1.000,0.002,0.000)",0.100,0.147,N/A,N/A,N/A,2653.84042113,4864.80206903,-90.172,N/A,N/A,-64.0374,2.5545,N/A,64.0884,64.0884,0.1955
05_0384.JPG,2726,sat_tile_y3960_x1980,50,6,5,0.264,0.117,"(0.000,0.556,0.000,0.003)",0.056,0.160,N/A,N/A,N/A,2343.54461443,4865.73367580,-90.172,N/A,N/A,-87.9535,2.9131,N/A,88.0018,88.0018,0.1877
05_0385.JPG,2227,sat_tile_y3960_x0,57,9,5,0.223,0.339,"(0.135,0.883,0.004,0.043)",0.109,0.166,N/A,N/A,N/A,2110.82275940,4866.43238087,-90.172,N/A,N/A,-91.9819,2.0678,N/A,92.0051,92.0051,0.2320
05_0386.JPG,2141,sat_tile_y4163_x1980,80,9,5,0.141,0.004,"(0.000,0.261,0.000,0.000)",0.026,0.083,N/A,N/A,N/A,1878.10090437,4867.13108595,-90.172,N/A,N/A,-94.8468,1.2213,N/A,94.8546,94.8546,0.2455
05_0387.JPG,2405,sat_tile_y3960_x0,133,6,15,0.304,1.515,"(0.853,0.928,0.832,0.951)",0.856,0.580,1910.10693359,4896.42694092,-88.713,1850.84789457,4885.57859789,-89.471,-25.8726,-7.5246,-41.9537,-4.2860,26.9446,97.7169,42.1720,0.2908
05_0388.JPG,2354,sat_tile_y2970_x990,60,6,5,0.198,0.461,"(0.002,0.001,0.003,0.000)",0.001,0.099,N/A,N/A,N/A,1562.57213562,4882.91818175,-89.471,N/A,N/A,-61.0577,-2.8539,N/A,61.1243,61.1243,0.2224
05_0389.JPG,2290,sat_tile_y4163_x0,15,6,4,0.150,0.000,"(0.487,0.572,0.000,0.811)",0.187,0.168,N/A,N/A,N/A,1346.36531641,4880.92286965,-89.471,N/A,N/A,-59.4409,-0.9836,N/A,59.4490,59.4490,0.2157
05_0390.JPG,2145,sat_tile_y2970_x990,10,6,4,0.337,0.000,"(0.686,0.016,0.000,0.000)",0.070,0.203,N/A,N/A,N/A,1130.15849720,4878.92755754,-89.471,N/A,N/A,-57.8342,-1.0258,N/A,57.8433,57.8433,0.2320
05_0391.JPG,1758,N/A,N/A,6,N/A,N/A,N/A,N/A,N/A,N/A,N/A,N/A,N/A,986.02061773,4877.59734947,-89.471,N/A,N/A,-37.8236,-1.2654,N/A,37.8447,37.8447,0.1937
05_0392.JPG,1790,N/A,N/A,3,N/A,N/A,N/A,N/A,N/A,N/A,N/A,N/A,N/A,769.81379852,4875.60203737,-89.471,N/A,N/A,-36.2068,0.6049,N/A,36.2118,36.2118,0.1249
05_0393.JPG,1873,N/A,N/A,3,N/A,N/A,N/A,N/A,N/A,N/A,N/A,N/A,N/A,553.60697931,4873.60672526,-89.471,N/A,N/A,-34.5900,-0.7119,N/A,34.5973,34.5973,0.1191
05_0394.JPG,1879,N/A,N/A,3,N/A,N/A,N/A,N/A,N/A,N/A,N/A,N/A,N/A,337.40016010,4871.61141316,-89.471,N/A,N/A,-32.9732,-0.1162,N/A,32.9734,32.9734,0.1133
05_0396.JPG,1785,N/A,N/A,2,N/A,N/A,N/A,N/A,N/A,N/A,N/A,N/A,N/A,665.12469295,5412.42534875,99.775,N/A,N/A,-0.8472,-12.3210,N/A,12.3501,12.3501,0.1137
05_0397.JPG,1660,N/A,N/A,2,N/A,N/A,N/A,N/A,N/A,N/A,N/A,N/A,N/A,808.29504097,5437.09049860,99.775,N/A,N/A,-22.2841,-19.0466,N/A,29.3147,29.3147,0.1262
05_0398.JPG,1923,sat_tile_y3960_x990,27,4,5,0.175,0.163,"(0.014,0.021,0.027,0.000)",0.006,0.090,N/A,N/A,N/A,951.46538898,5461.75564846,99.775,N/A,N/A,-43.7210,-27.0480,N/A,51.4113,51.4113,0.1497
05_0399.JPG,2183,N/A,N/A,4,N/A,N/A,N/A,N/A,N/A,N/A,N/A,N/A,N/A,1166.22091101,5498.75337325,99.775,N/A,N/A,-45.7317,-38.0932,N/A,59.5187,59.5187,0.1888
05_0400.JPG,2463,sat_tile_y4163_x0,17,4,4,0.140,0.000,"(0.000,0.351,0.000,0.000)",0.035,0.087,N/A,N/A,N/A,1309.39125902,5523.41852310,99.775,N/A,N/A,-66.0051,-44.8188,N/A,79.7835,79.7835,0.2146
05_0401.JPG,2874,sat_tile_y4163_x990,56,4,7,0.252,0.000,"(0.499,0.570,0.000,0.000)",0.107,0.179,N/A,N/A,N/A,1452.56160704,5548.08367296,99.775,N/A,N/A,-87.4320,-52.1823,N/A,101.8201,101.8201,0.2186
05_0402.JPG,2836,sat_tile_y4163_x990,392,4,42,0.420,1.970,"(0.736,0.951,0.799,0.973)",0.788,0.604,2044.51562500,5442.93420410,102.562,1969.80959037,5441.41398319,91.728,12.9188,-20.1533,-7.3543,-19.6995,23.9385,123.7844,21.0275,0.2400
05_0403.JPG,2770,sat_tile_y4163_x990,306,4,39,0.490,1.950,"(0.760,0.934,0.851,0.958)",0.806,0.648,2264.53161621,5373.41674805,103.444,2244.68503664,5401.81200495,89.338,13.4992,0.6003,8.1134,-7.8767,13.5126,21.9857,11.3080,0.2266
05_0404.JPG,2814,sat_tile_y4163_x990,432,4,52,0.596,1.721,"(0.646,0.934,0.742,0.954)",0.715,0.656,2481.62915039,5400.68847656,97.754,2441.10945614,5399.48620077,89.019,12.1241,-8.1792,1.1282,-7.8203,14.6251,10.2754,7.9012,0.2685
05_0405.JPG,3161,sat_tile_y4163_x990,296,4,33,0.537,1.603,"(0.872,0.966,0.929,0.944)",0.894,0.715,2679.78662109,5394.65991211,101.437,2638.78125688,5395.68528997,88.974,6.7727,-6.3794,-4.3550,-6.6856,9.3041,13.4867,7.9789,0.2753
05_0406.JPG,3243,sat_tile_y4163_x990,159,4,17,0.419,1.331,"(0.962,0.904,0.930,0.885)",0.899,0.659,2910.50878906,5426.31030273,102.005,2843.46867791,5405.50256621,89.896,9.0950,-15.1904,-9.0979,-8.9785,17.7050,18.0618,12.7822,0.2414
05_0407.JPG,3171,sat_tile_y3960_x1980,60,6,5,0.361,0.113,"(0.001,0.740,0.004,0.000)",0.075,0.218,N/A,N/A,N/A,3022.07952344,5405.17869190,89.896,N/A,N/A,-20.9172,-8.8818,N/A,22.7248,22.7248,0.2225
05_0408.JPG,2482,N/A,N/A,4,N/A,N/A,N/A,N/A,N/A,N/A,N/A,N/A,N/A,3289.99579172,5404.69288042,89.896,N/A,N/A,-7.3380,-9.3747,N/A,11.9051,11.9051,0.1636
05_0409.JPG,2365,sat_tile_y3960_x1980,73,4,5,0.154,0.191,"(0.000,0.519,0.000,0.000)",0.052,0.103,N/A,N/A,N/A,3468.60663725,5404.36900610,89.896,N/A,N/A,-19.1573,-8.6401,N/A,21.0156,21.0156,0.1559
05_0410.JPG,2263,sat_tile_y4163_x2970,117,4,5,0.256,0.043,"(0.000,0.472,0.000,0.000)",0.047,0.152,N/A,N/A,N/A,3647.21748277,5404.04513178,89.896,N/A,N/A,-30.9766,-8.5434,N/A,32.1332,32.1332,0.1529
05_0411.JPG,2536,sat_tile_y3960_x3960,88,6,5,0.215,0.216,"(0.572,0.314,0.501,0.917)",0.419,0.317,N/A,N/A,N/A,3915.13375106,5403.55932031,89.896,N/A,N/A,-18.5508,-9.0363,N/A,20.6346,20.6346,0.2114
05_0412.JPG,2760,sat_tile_y4163_x3960,155,6,8,0.227,0.764,"(0.663,0.905,0.714,1.000)",0.726,0.476,N/A,N/A,N/A,4093.74459659,5403.23544599,89.896,N/A,N/A,-30.3701,-8.3017,N/A,31.4843,31.4843,0.2600
05_0413.JPG,3070,sat_tile_y4163_x2970,161,4,23,0.417,1.669,"(0.926,0.872,0.949,1.000)",0.898,0.657,4547.71594238,5457.22912598,97.666,4470.42797777,5446.76828359,90.919,33.6993,-24.4209,12.7255,-21.2979,41.6176,41.8384,24.8101,0.3150
05_0414.JPG,3301,sat_tile_y4163_x3960,525,4,63,0.498,1.824,"(0.846,0.885,0.839,0.994)",0.860,0.679,4749.25903320,5322.72045898,94.329,4706.76227603,5379.76081167,87.869,28.1031,14.4594,16.5707,-2.5693,31.6048,24.1958,16.7687,0.3246
05_0415.JPG,3644,sat_tile_y4163_x3960,552,6,77,0.519,1.783,"(0.916,0.904,0.902,0.985)",0.912,0.716,4987.78784180,5370.36511230,101.185,4939.24988625,5372.63336063,88.235,32.5439,0.2356,19.3721,-0.4415,32.5448,10.4732,19.3771,0.4283
05_0416.JPG,3514,sat_tile_y4163_x3960,61,4,15,0.236,1.350,"(0.985,0.915,0.985,0.971)",0.935,0.586,5150.48046875,5374.87768555,101.193,5217.18912798,5367.84445970,88.583,17.5683,0.1642,35.6712,2.2639,17.5691,42.8934,35.7430,0.3487
05_0417.JPG,3411,sat_tile_y4163_x3960,49,4,5,0.216,0.045,"(0.000,0.949,0.001,0.000)",0.095,0.155,N/A,N/A,N/A,5417.41405907,5362.89043348,88.583,N/A,N/A,29.7174,5.0186,N/A,30.1381,30.1381,0.3209
05_0418.JPG,3690,sat_tile_y4163_x3960,117,4,26,0.422,1.810,"(0.720,0.830,0.787,0.999)",0.765,0.594,5507.09741211,5507.99072266,100.437,5582.98475804,5418.01887901,91.246,-6.2243,-38.2994,14.3694,-11.4394,38.8019,24.6455,18.3668,0.4063
05_0419.JPG,4160,sat_tile_y4163_x3960,267,4,49,0.452,1.660,"(0.943,0.935,0.968,0.961)",0.942,0.697,5618.17700195,5488.41442871,92.666,5722.94906936,5445.33247087,91.330,-36.3698,-33.0930,-7.9375,-20.2314,49.1723,15.3073,21.7328,0.4715
05_0420.JPG,5517,sat_tile_y4163_x4950,1913,6,396,0.536,2.083,"(0.998,0.923,0.998,0.957)",0.941,0.658,5861.16693115,5375.24182129,90.073,5898.97340762,5419.69158385,89.178,-29.5549,0.0555,-19.2953,-13.2145,29.5549,26.8853,23.3865,0.6106
05_0421.JPG,6063,sat_tile_y4163_x5940,1548,4,379,0.661,1.985,"(0.980,0.914,0.970,0.940)",0.929,0.710,6048.43739319,5349.81604004,97.599,6076.39910032,5393.06878947,88.153,-39.0242,7.0082,-31.4362,-5.9044,39.6485,30.9758,31.9859,0.6146
05_0422.JPG,6315,sat_tile_y4163_x4950,2054,4,425,0.625,1.875,"(0.995,0.921,0.997,0.950)",0.939,0.708,6381.24975586,5361.45312500,97.477,6298.06042549,5378.85866542,87.867,-8.9975,4.1719,-31.5728,-1.0243,9.9177,40.7478,31.5894,0.7255
05_0423.JPG,6123,sat_tile_y4163_x5940,1878,4,456,0.529,1.909,"(1.000,0.930,0.999,0.954)",0.946,0.670,6592.47509766,5386.47351074,97.059,6515.89860352,5376.28185561,88.124,-10.8027,-3.2976,-31.5834,-0.2550,11.2948,38.6348,31.5844,0.7237
05_0424.JPG,5670,sat_tile_y4163_x4950,500,4,77,0.473,1.703,"(0.973,0.929,0.977,0.950)",0.941,0.707,6794.67810059,5298.18151855,96.142,6733.65324937,5346.39901541,86.974,-16.2197,23.0609,-32.7802,8.6662,28.1937,39.0513,33.9064,0.7388
05_0425.JPG,5079,sat_tile_y3960_x5940,988,6,262,0.369,1.824,"(0.996,0.927,0.993,0.950)",0.943,0.612,7033.35534668,5426.92175293,101.128,6953.48764303,5362.08112366,88.609,-11.7387,-16.0108,-33.4126,3.3466,19.8530,41.0852,33.5797,0.5997
05_0426.JPG,4748,sat_tile_y3960_x5940,32,4,6,0.190,0.000,"(0.805,0.667,0.788,0.895)",0.715,0.453,N/A,N/A,N/A,7153.40326473,5357.22595667,88.609,N/A,N/A,-38.2869,4.1582,N/A,38.5120,38.5120,0.3297
05_0427.JPG,4192,sat_tile_y3960_x6930,42,6,7,0.217,0.000,"(0.592,0.875,0.498,0.913)",0.587,0.402,N/A,N/A,N/A,7453.27669726,5349.94320619,88.609,N/A,N/A,-17.1887,5.0566,N/A,17.9171,17.9171,0.4521
05_0428.JPG,4020,sat_tile_y4163_x7413,29,6,7,0.249,0.000,"(0.963,0.930,0.960,0.938)",0.937,0.593,N/A,N/A,N/A,7653.19231895,5345.08803920,88.609,N/A,N/A,-23.2265,7.1439,N/A,24.3004,24.3004,0.4847
05_0429.JPG,4156,sat_tile_y4163_x6930,50,6,7,0.234,0.000,"(0.966,0.961,0.971,0.933)",0.943,0.588,N/A,N/A,N/A,7853.10794065,5340.23287221,88.609,N/A,N/A,-28.1008,9.2313,N/A,29.5782,29.5782,0.5704
05_0430.JPG,4498,sat_tile_y4163_x6930,37,4,6,0.165,0.000,"(0.451,0.999,0.235,0.991)",0.409,0.287,N/A,N/A,N/A,8152.98137318,5332.95012173,88.609,N/A,N/A,-7.0128,13.9569,N/A,15.6197,15.6197,0.4824
05_0431.JPG,4609,sat_tile_y3960_x7413,46,4,9,0.190,0.676,"(0.920,1.000,0.909,0.928)",0.921,0.555,N/A,N/A,N/A,8352.89699487,5328.09495474,88.609,N/A,N/A,-13.0506,16.0431,N/A,20.6809,20.6809,0.4430
05_0432.JPG,4902,sat_tile_y3960_x7413,20,4,5,0.143,0.000,"(0.801,0.905,0.359,0.719)",0.494,0.318,N/A,N/A,N/A,8552.81261657,5323.23978775,88.609,N/A,N/A,-17.9249,16.8558,N/A,24.6053,24.6053,0.4063
05_0433.JPG,5583,sat_tile_y3960_x7413,44,4,10,0.216,1.583,"(0.995,0.935,0.994,0.952)",0.949,0.583,8851.30017090,5384.72583008,100.377,8813.07769867,5373.24385577,90.498,2.7870,-2.1380,-7.5855,1.2898,3.5126,29.7716,7.6944,0.4454
05_0435.JPG,5116,N/A,N/A,4,N/A,N/A,N/A,N/A,N/A,N/A,N/A,N/A,N/A,8857.39043311,5921.29933447,-100.250,N/A,N/A,0.9594,-11.1632,N/A,11.2044,11.2044,0.3946
05_0436.JPG,4898,sat_tile_y3960_x7413,27,4,6,0.154,0.000,"(0.718,0.956,0.588,0.793)",0.658,0.406,N/A,N/A,N/A,8529.50203825,5980.59372671,-100.250,N/A,N/A,-27.7315,-30.1406,N/A,40.9572,40.9572,0.4452
05_0437.JPG,4616,sat_tile_y4163_x7413,21,4,5,0.174,0.000,"(0.002,0.996,0.018,0.726)",0.175,0.175,N/A,N/A,N/A,8201.61364338,6039.88811896,-100.250,N/A,N/A,-57.5859,-47.8423,N/A,74.8666,74.8666,0.4045
05_0438.JPG,3794,sat_tile_y4163_x7413,17,6,5,0.206,0.073,"(0.000,0.615,0.000,0.000)",0.061,0.134,N/A,N/A,N/A,7873.72524852,6099.18251120,-100.250,N/A,N/A,-86.2768,-66.8196,N/A,109.1263,109.1263,0.5070
05_0439.JPG,3737,sat_tile_y3960_x7413,13,6,5,0.179,0.891,"(0.387,0.797,0.406,0.802)",0.472,0.325,N/A,N/A,N/A,7545.83685365,6158.47690345,-100.250,N/A,N/A,-114.9677,-83.8834,N/A,142.3166,142.3166,0.4651
05_0440.JPG,3675,sat_tile_y3960_x5940,8,6,4,0.166,0.000,"(0.879,0.948,0.000,0.000)",0.183,0.174,N/A,N/A,N/A,7217.94845879,6217.77129569,-100.250,N/A,N/A,-144.8222,-100.3094,N/A,176.1688,176.1688,0.4452
05_0441.JPG,4002,sat_tile_y3960_x6930,38,6,6,0.244,0.000,"(0.356,0.919,0.326,0.336)",0.389,0.317,N/A,N/A,N/A,6890.06006392,6277.06568794,-100.250,N/A,N/A,-173.5132,-118.6489,N/A,210.2008,210.2008,0.4580
05_0442.JPG,4254,sat_tile_y4163_x5940,20,4,6,0.164,0.000,"(0.068,0.522,0.127,0.993)",0.212,0.188,N/A,N/A,N/A,6452.87553744,6356.12487760,-100.250,N/A,N/A,-231.8749,-144.1647,N/A,273.0374,273.0374,0.3548
05_0443.JPG,4416,sat_tile_y3960_x4950,15,6,4,0.158,0.000,"(0.000,0.146,0.000,0.000)",0.015,0.086,N/A,N/A,N/A,6124.98714257,6415.41926984,-100.250,N/A,N/A,-261.7194,-161.2284,N/A,307.3949,307.3949,0.3886
05_0444.JPG,5030,sat_tile_y3960_x5940,74,9,7,0.250,0.000,"(0.832,0.999,0.638,0.993)",0.729,0.489,N/A,N/A,N/A,5797.09874771,6474.71366209,-100.250,N/A,N/A,-290.4207,-177.6544,N/A,340.4486,340.4486,0.5748
05_0445.JPG,5850,sat_tile_y4163_x4950,1121,6,215,0.533,1.979,"(0.981,0.929,0.989,0.954)",0.943,0.666,6581.15795898,5919.16638184,-93.567,6507.28122984,5933.56781334,-93.840,-17.3544,-11.1643,-37.4027,-15.4637,20.6353,373.8282,40.4733,0.5340
05_0446.JPG,6418,sat_tile_y4163_x4950,1180,4,204,0.434,1.976,"(0.981,0.902,0.981,0.957)",0.923,0.618,6260.61462402,5867.58837891,-95.654,6259.94145925,5907.54603142,-92.777,-45.2154,2.9580,-45.3981,-8.9709,45.3121,50.3935,46.2760,0.6443
05_0447.JPG,6279,sat_tile_y4163_x4950,1040,6,205,0.505,2.004,"(0.988,0.905,0.992,0.960)",0.928,0.646,6114.57434082,5882.61621094,-96.098,6054.70448748,5903.49863569,-92.343,-24.5571,-0.8906,-40.8043,-7.1248,24.5733,53.5674,41.4217,0.7446
05_0448.JPG,5319,sat_tile_y4163_x4950,338,4,74,0.564,2.023,"(0.972,0.925,0.982,0.965)",0.939,0.752,5860.36816406,5878.39819336,-95.297,5792.13501249,5896.63516403,-91.544,-33.2524,0.3687,-51.7692,-5.0758,33.2544,69.0601,52.0174,0.4905
05_0449.JPG,4475,sat_tile_y4163_x4950,530,4,92,0.535,1.569,"(0.991,0.924,0.993,0.971)",0.942,0.699,5669.47003174,5875.94030762,-95.317,5598.87787493,5891.73998301,-91.064,-24.7674,1.1024,-43.9244,-3.6144,24.7919,55.3145,44.0728,0.4205
05_0450.JPG,3574,sat_tile_y4163_x3960,531,4,110,0.515,1.749,"(0.996,0.917,0.997,0.975)",0.939,0.675,5478.24511719,5829.62805176,-97.804,5406.97360208,5870.44265637,-89.950,-16.3812,14.2906,-35.7225,2.1058,21.7385,45.6798,35.7846,0.3979
05_0451.JPG,3371,sat_tile_y4163_x3960,57,4,9,0.284,0.757,"(0.238,0.991,0.113,0.657)",0.268,0.276,N/A,N/A,N/A,5185.36086003,5870.25069583,-89.950,N/A,N/A,-36.7261,3.4389,N/A,36.8868,36.8868,0.3048
05_0452.JPG,3289,sat_tile_y3960_x3960,37,6,7,0.207,0.777,"(0.307,0.458,0.387,0.228)",0.275,0.241,N/A,N/A,N/A,4963.74811798,5870.05873528,-89.950,N/A,N/A,-36.5865,3.4962,N/A,36.7531,36.7531,0.3283
05_0453.JPG,3080,sat_tile_y4163_x3960,503,4,80,0.583,2.043,"(0.933,0.935,0.953,1.000)",0.942,0.680,4777.74035645,5795.91223145,-97.356,4759.88505216,5825.82400717,-88.187,-26.7743,24.3560,-31.6198,15.4262,36.1950,36.5078,35.1821,0.2620
05_0454.JPG,2845,sat_tile_y4163_x3960,261,4,31,0.619,1.562,"(0.944,0.957,0.963,0.996)",0.952,0.786,4566.64050293,5935.38037109,-100.534,4553.73663003,5886.74381474,-91.960,-24.9351,-16.0048,-28.4369,-1.4850,29.6296,37.0223,28.4757,0.2771
05_0455.JPG,2583,sat_tile_y4163_x3960,219,4,36,0.574,1.737,"(0.998,0.938,0.997,0.990)",0.955,0.764,4363.44012451,5869.82507324,-93.272,4347.16193781,5881.50834691,-90.751,-19.7887,2.9281,-24.2062,-0.5598,20.0041,27.4263,24.2126,0.2674
05_0456.JPG,2559,sat_tile_y4163_x3960,106,4,5,0.227,0.027,"(0.299,0.001,0.027,0.618)",0.095,0.161,N/A,N/A,N/A,4131.34921287,5884.33824493,-90.751,N/A,N/A,-22.4824,-2.6804,N/A,22.6416,22.6416,0.1951
05_0457.JPG,2547,sat_tile_y4163_x2970,57,6,5,0.310,0.038,"(0.003,0.478,0.000,0.000)",0.048,0.179,N/A,N/A,N/A,3915.53648793,5887.16814294,-90.751,N/A,N/A,-20.7586,-2.2495,N/A,20.8801,20.8801,0.2323
05_0458.JPG,2508,sat_tile_y4163_x1980,46,4,5,0.272,0.182,"(0.263,0.380,0.047,0.010)",0.076,0.174,N/A,N/A,N/A,3699.72376298,5889.99804096,-90.751,N/A,N/A,-20.1983,-4.3701,N/A,20.6657,20.6657,0.1686
05_0459.JPG,2568,sat_tile_y4163_x2970,45,4,5,0.341,0.340,"(0.391,0.348,0.000,0.000)",0.074,0.207,N/A,N/A,N/A,3483.91103804,5892.82793898,-90.751,N/A,N/A,-18.4847,-5.2149,N/A,19.2062,19.2062,0.1695
05_0460.JPG,2966,sat_tile_y3960_x2970,35,4,4,0.243,0.000,"(0.390,0.940,0.001,0.000)",0.133,0.188,N/A,N/A,N/A,3268.09831310,5895.65783700,-90.751,N/A,N/A,-16.7609,-5.4219,N/A,17.6160,17.6160,0.1666
05_0461.JPG,2972,sat_tile_y4163_x2970,67,6,5,0.221,0.047,"(0.019,0.999,0.012,0.000)",0.103,0.162,N/A,N/A,N/A,2980.34801318,5899.43103436,-90.751,N/A,N/A,-35.7227,-6.5483,N/A,36.3180,36.3180,0.2185
05_0462.JPG,2938,N/A,N/A,4,N/A,N/A,N/A,N/A,N/A,N/A,N/A,N/A,N/A,2764.53528824,5902.26093238,-90.751,N/A,N/A,-33.9990,-7.3931,N/A,34.7935,34.7935,0.1718
05_0463.JPG,2594,sat_tile_y4163_x990,224,4,27,0.319,1.616,"(0.747,0.893,0.795,0.990)",0.790,0.555,2600.25854492,5899.83801270,-99.537,2583.75771176,5904.01666701,-91.129,-18.2896,-5.3941,-22.7675,-6.6416,19.0684,33.0176,23.7164,0.2089
05_0464.JPG,2463,sat_tile_y4163_x990,164,4,15,0.281,1.795,"(0.000,0.696,0.001,0.042)",0.074,0.178,N/A,N/A,N/A,2371.23810398,5908.20648837,-91.129,N/A,N/A,-21.3136,-7.8924,N/A,22.7279,22.7279,0.2217
05_0465.JPG,2414,sat_tile_y4163_x990,232,4,24,0.387,2.087,"(0.692,0.979,0.747,0.999)",0.757,0.572,2213.02990723,5885.99963379,-97.133,2187.00735668,5897.40709761,-90.690,-3.9573,-1.9006,-11.0192,-5.3062,4.3901,21.1001,12.2303,0.2420
05_0466.JPG,2464,sat_tile_y3960_x0,47,6,5,0.254,0.376,"(0.000,0.339,0.000,0.000)",0.034,0.144,N/A,N/A,N/A,1977.11423691,5899.93578479,-90.690,N/A,N/A,-7.6890,-6.6990,N/A,10.1979,10.1979,0.2046
05_0467.JPG,2253,N/A,N/A,4,N/A,N/A,N/A,N/A,N/A,N/A,N/A,N/A,N/A,1767.22111713,5902.46447196,-90.690,N/A,N/A,-5.5223,-7.4539,N/A,9.2767,9.2767,0.1850
05_0468.JPG,1957,N/A,N/A,4,N/A,N/A,N/A,N/A,N/A,N/A,N/A,N/A,N/A,1557.32799735,5904.99315914,-90.690,N/A,N/A,-2.1921,-8.2088,N/A,8.4965,8.4965,0.1412
05_0469.JPG,1801,N/A,N/A,4,N/A,N/A,N/A,N/A,N/A,N/A,N/A,N/A,N/A,1347.43487757,5907.52184632,-90.690,N/A,N/A,1.1280,-8.3259,N/A,8.4019,8.4019,0.1579
05_0470.JPG,1680,sat_tile_y4163_x990,47,4,5,0.314,0.263,"(0.000,0.027,0.000,0.000)",0.003,0.158,N/A,N/A,N/A,1137.54175780,5910.05053350,-90.690,N/A,N/A,4.4582,-9.0808,N/A,10.1161,10.1161,0.1341
05_0471.JPG,1577,N/A,N/A,4,N/A,N/A,N/A,N/A,N/A,N/A,N/A,N/A,N/A,927.64863802,5912.57922068,-90.690,N/A,N/A,6.6249,-10.4735,N/A,12.3929,12.3929,0.1326
05_0472.JPG,1559,sat_tile_y3960_x0,55,2,4,0.178,0.000,"(0.051,0.121,0.000,0.000)",0.017,0.097,N/A,N/A,N/A,717.75551824,5915.10790786,-90.690,N/A,N/A,9.9551,-11.2284,N/A,15.0061,15.0061,0.1033
05_0473.JPG,1481,sat_tile_y4163_x0,28,2,5,0.262,0.549,"(0.024,0.832,0.001,0.021)",0.089,0.175,N/A,N/A,N/A,507.86239846,5917.63659504,-90.690,N/A,N/A,13.2854,-12.6212,N/A,18.3247,18.3247,0.1044
